"time","Long","Lat","PPM","Dust"
2018-03-31 12:00:00,77.0200846361136,28.4964253896615,142.670372943394,37.5328644379973
2018-03-31 12:04:23,77.0292246295325,28.4513545272406,153.472708002664,21.4598668835592
2018-03-31 12:08:46,77.0321045730216,28.4922328003799,169.607765856199,20.0090395590756
2018-03-31 12:13:09,77.0376026409911,28.4732884433004,187.324823671952,36.5955407344736
2018-03-31 12:17:32,77.0261464435328,28.4788715879666,121.630470710807,10.2932999736629
2018-03-31 12:21:55,77.0359305939125,28.4968666801695,150.10210047476,13.6453424192034
2018-03-31 12:26:18,77.0201834927034,28.477477356582,133.628079341725,24.7005213418044
2018-03-31 12:30:41,77.0235452644248,28.4737547596567,119.992728065699,29.6152936343104
2018-03-31 12:35:04,77.0202814255236,28.4824913320714,152.054797438905,5.69856348959729
2018-03-31 12:39:27,77.0311462073727,28.4946991033619,175.899575836957,47.0970523240976
2018-03-31 12:43:50,77.0387952839537,28.4896348981187,112.502389284782,29.1557551880833
2018-03-31 12:48:13,77.0351968627423,28.4836782302475,169.810716528445,20.0884815438185
2018-03-31 12:52:36,77.0211681940872,28.4803337443154,125.630556046963,4.41324800704606
2018-03-31 12:56:59,77.0388951473218,28.4521984029328,153.231458598748,31.0885795088485
2018-03-31 13:01:22,77.0306903024996,28.49202476379,180.785022675991,24.6761197902262
2018-03-31 13:05:45,77.0367860584427,28.4993269912084,128.928278083913,24.9448820474092
2018-03-31 13:10:09,77.0280879245652,28.4606037592166,193.648623721674,26.6646447176579
2018-03-31 13:14:32,77.0286725485232,28.4971912987879,162.857292662375,10.2524430610239
2018-03-31 13:18:55,77.0377221771935,28.4913655325305,142.512597003952,38.8615044277627
2018-03-31 13:23:18,77.021613022536,28.4589231256396,187.515453575179,5.48296412155032
2018-03-31 13:27:41,77.0238556752028,28.4735747055849,144.034276576713,30.1011382683646
2018-03-31 13:32:04,77.0259364261711,28.4630003162776,130.115021392703,39.8334980032407
2018-03-31 13:36:27,77.0252231133962,28.4725742629962,197.159979073331,29.9153516916092
2018-03-31 13:40:50,77.0200306865526,28.4602385827806,123.079167702235,22.0446172499564
2018-03-31 13:45:13,77.025939020426,28.4722123176209,123.992672027089,9.36907422482036
2018-03-31 13:49:36,77.0225086115394,28.478270114644,180.43240220286,24.1434526169207
2018-03-31 13:53:59,77.0383418652602,28.4998912428389,152.365290070884,15.6614465867169
2018-03-31 13:58:22,77.0318588301493,28.4709375969134,196.954055083916,8.60053257974796
2018-03-31 14:02:45,77.0333076773398,28.4718685918488,117.954076407477,40.4531368346885
2018-03-31 14:07:08,77.0394178650249,28.4518055587425,134.306400944479,24.5119223169982
2018-03-31 14:11:31,77.0334726364305,28.4561522812466,143.032506341115,7.90263456627727
2018-03-31 14:15:54,77.0245906366175,28.4844986316399,187.083373172209,14.8441836142447
2018-03-31 14:20:18,77.0319677682128,28.460220332793,114.757624082267,44.1689892052207
2018-03-31 14:24:41,77.0206256653089,28.4999945839518,175.780840311199,44.1829805413261
2018-03-31 14:29:04,77.0276917725476,28.4787132122437,128.789151553065,31.3199316847138
2018-03-31 14:33:27,77.0375824951474,28.4747707058676,109.551868238486,16.5633754925337
2018-03-31 14:37:50,77.0261292563845,28.476969683019,107.605146546848,48.6460458186455
2018-03-31 14:42:13,77.0286515261373,28.4727980044438,133.078198414296,5.92226656712592
2018-03-31 14:46:36,77.0374511008477,28.4651815658086,177.329848660156,27.6912792543881
2018-03-31 14:50:59,77.0233592067054,28.4909868333489,191.474607377313,42.1562944476958
2018-03-31 14:55:22,77.0243349605054,28.4975683784229,131.888177292421,43.2108215373009
2018-03-31 14:59:45,77.0397136137774,28.4765084298328,186.866354057565,28.4951168870553
2018-03-31 15:04:08,77.0332606688654,28.4733603276778,175.307371770032,29.8927027799189
2018-03-31 15:08:31,77.0283847878967,28.4934655341785,118.905341462232,33.5644918730017
2018-03-31 15:12:54,77.0336783568002,28.4926632307121,171.756039583124,9.80987366475165
2018-03-31 15:17:17,77.0383600914804,28.4644937890233,157.409446546808,5.54039328130893
2018-03-31 15:21:40,77.0345059811184,28.4762412848184,166.110411682166,43.1032307791058
2018-03-31 15:26:03,77.022038436057,28.4721688985941,140.435232198797,33.1872749336995
2018-03-31 15:30:27,77.0359347950388,28.4531499244273,136.965185659938,49.4941605370492
2018-03-31 15:34:50,77.0322719099,28.4695810327539,160.538341500796,49.1961417416576
2018-03-31 15:39:13,77.0324910687655,28.494525280199,105.302839772776,27.2700673269574
2018-03-31 15:43:36,77.0331655920018,28.4561792726978,130.383635521866,36.0576452943031
2018-03-31 15:47:59,77.0262625374645,28.4897982518654,141.740598087199,14.4968424174003
2018-03-31 15:52:22,77.028270952804,28.4651251465664,195.167044270784,28.6219434688333
2018-03-31 15:56:45,77.0384194733109,28.4708029575995,190.171082830057,5.4321708957199
2018-03-31 16:01:08,77.0246270586085,28.4548582162824,188.178768754005,23.0933862933889
2018-03-31 16:05:31,77.0332314158045,28.4599607071141,111.125160357915,44.6148298487533
2018-03-31 16:09:54,77.0229384822585,28.4971010473557,158.278423338197,14.9382255823817
2018-03-31 16:14:17,77.0246621447522,28.4886812135694,135.658257361501,37.0678015983664
2018-03-31 16:18:40,77.0387143081939,28.4547815094469,182.166931917891,46.6368764891755
2018-03-31 16:23:03,77.023864619676,28.4984536876669,131.144297262654,27.5675562019926
2018-03-31 16:27:26,77.0386197212711,28.4626658188645,146.607543947175,26.3284165607765
2018-03-31 16:31:49,77.0366456451593,28.4596137987683,160.253629647195,29.4792721027043
2018-03-31 16:36:12,77.0257056186255,28.4585650091642,163.525160029531,29.2775092751253
2018-03-31 16:40:36,77.0347704896517,28.4887191622052,100.982684176415,45.4813866440207
2018-03-31 16:44:59,77.0257748767408,28.4688206363237,171.59805377014,43.2575348288286
2018-03-31 16:49:22,77.0390897467034,28.469667882577,118.001915328205,35.9675139151048
2018-03-31 16:53:45,77.0293739931192,28.45824644448,133.25597809162,3.93929840922356
2018-03-31 16:58:08,77.0255939914798,28.4966739700874,165.922514977865,5.75813385699876
2018-03-31 17:02:31,77.0258851759462,28.497981255292,198.204636550508,21.3052658935543
2018-03-31 17:06:54,77.0386844673473,28.4739176290808,132.547641079873,5.33062631385401
2018-03-31 17:11:17,77.031599250366,28.492046735005,192.267685313709,37.6823071430437
2018-03-31 17:15:40,77.0212421858078,28.4877313797129,182.060778676532,12.5370097027626
2018-03-31 17:20:03,77.0327380756335,28.46816206699,197.893499745987,45.1450865956489
2018-03-31 17:24:26,77.0385798741551,28.4844020391116,165.396970231086,44.2442072665319
2018-03-31 17:28:49,77.0368959385762,28.4732133844867,131.673259730451,46.1623095315881
2018-03-31 17:33:12,77.0307836548518,28.4642661194899,135.737319174223,48.7624671216588
2018-03-31 17:37:35,77.0302691430925,28.4988566239248,186.926354002208,32.9775451597292
2018-03-31 17:41:58,77.0278654582193,28.4856103232945,151.173292170279,24.6645322946366
2018-03-31 17:46:21,77.0348421678972,28.4926301492029,156.579340016469,35.0579327970278
2018-03-31 17:50:45,77.0237500373926,28.4685463084024,137.491378048435,29.8501337951981
2018-03-31 17:55:08,77.0381776803406,28.4885787382955,136.423025350086,40.0985131361987
2018-03-31 17:59:31,77.0225644087419,28.4820796130924,171.552677405998,33.6481164972764
2018-03-31 18:03:54,77.0370254687779,28.4610102011124,154.792877845466,11.0291695403401
2018-03-31 18:08:17,77.0268182778172,28.4861805736437,177.43102684617,48.5836097409949
2018-03-31 18:12:40,77.0212270499999,28.484718229156,149.952719174325,25.2137115631718
2018-03-31 18:17:03,77.0324705035705,28.4935039581032,197.488348186016,20.0973199114203
2018-03-31 18:21:26,77.0360344531434,28.4559306126321,147.219225694425,46.9995281973388
2018-03-31 18:25:49,77.0394493345264,28.4500807549572,192.630871548317,22.1659176263958
2018-03-31 18:30:12,77.0358607684495,28.4885094904457,116.313222283497,36.7501569143496
2018-03-31 18:34:35,77.0242699178727,28.4713722978602,108.519446616992,20.4480856430251
2018-03-31 18:38:58,77.0244598962692,28.4724580965587,142.494174512103,25.959131511813
2018-03-31 18:43:21,77.0375987480814,28.4547749039484,101.304000499658,48.2666304926854
2018-03-31 18:47:44,77.0280866735242,28.4623882009997,185.83787526004,18.4814544736873
2018-03-31 18:52:07,77.0203441517753,28.4718536473927,199.865064024925,43.0140940435231
2018-03-31 18:56:30,77.0252036927082,28.4830988139496,179.113811417483,42.4389104641508
2018-03-31 19:00:54,77.0353718523821,28.4689537901315,199.500747164711,40.985894691525
2018-03-31 19:05:17,77.0365737464232,28.4974424885469,195.734686334617,44.5744500391185
2018-03-31 19:09:40,77.0302129728068,28.4654174597003,142.335845925845,9.00941910934634
2018-03-31 19:14:03,77.0266861007782,28.4674581640749,167.815847415477,34.0046494432259
2018-03-31 19:18:26,77.0320295351837,28.462766057183,155.353745166212,4.74805144080892
2018-03-31 19:22:49,77.0226669677254,28.4701685903128,190.322884684429,8.99211024027318
2018-03-31 19:27:12,77.033913897383,28.4999893559376,104.853659076616,41.3909342234954
2018-03-31 19:31:35,77.025437078313,28.4882666288642,190.684700245038,16.374035711959
2018-03-31 19:35:58,77.0226844305778,28.4572659262456,109.405547054484,25.064420800237
2018-03-31 19:40:21,77.0245323169325,28.4569041169598,185.944611555897,29.3773894051556
2018-03-31 19:44:44,77.034736567568,28.4712249040836,147.816982981749,15.8871859207284
2018-03-31 19:49:07,77.0380488322815,28.4644104302279,184.815867454745,8.38214516509324
2018-03-31 19:53:30,77.0272753996868,28.4583432903979,178.321574977599,28.6850735716987
2018-03-31 19:57:53,77.0375024956232,28.4620258224546,183.665108657442,20.1257633141242
2018-03-31 20:02:16,77.0281534945918,28.45737601734,121.071474044584,18.5511558124796
2018-03-31 20:06:40,77.0274311706889,28.4579427813645,146.068938821554,40.4968220145442
2018-03-31 20:11:03,77.0361238852795,28.4845838743146,191.989462450147,5.94774351818487
2018-03-31 20:15:26,77.0348750846507,28.4813351482386,164.180532610044,47.1455868486315
2018-03-31 20:19:49,77.0263689802447,28.4592002107296,105.068978853524,11.0421957879793
2018-03-31 20:24:12,77.0250179011188,28.4681931617204,169.909339933656,25.2751926427707
2018-03-31 20:28:35,77.0294817035878,28.4520721530891,185.179324937053,10.4952791918069
2018-03-31 20:32:58,77.03373024676,28.4673098052735,110.784848104231,45.1414082923904
2018-03-31 20:37:21,77.0344890888874,28.4581489130855,182.283892692067,37.3786111875437
2018-03-31 20:41:44,77.020891121123,28.4949985772255,107.327953609638,35.2629834722262
2018-03-31 20:46:07,77.0277242785925,28.4578730629641,188.082667789422,39.7222747500986
2018-03-31 20:50:30,77.0383444872359,28.4877008660464,135.107785416767,19.0953383728862
2018-03-31 20:54:53,77.025092452988,28.4868164678221,176.234827120788,32.5797967442311
2018-03-31 20:59:16,77.0219465170661,28.4504685355118,100.339922984131,23.078749257559
2018-03-31 21:03:39,77.029236294562,28.4820132456836,109.099380695261,29.5767182945739
2018-03-31 21:08:02,77.0211247956334,28.4852297017933,198.833637824282,3.60473984703422
2018-03-31 21:12:25,77.0273465915676,28.4894833136117,152.391238906421,36.6948480219115
2018-03-31 21:16:49,77.0330520222848,28.4640372860478,164.31028614752,33.3224804437254
2018-03-31 21:21:12,77.0209550543642,28.4684960751329,158.60379608348,5.82388178226538
2018-03-31 21:25:35,77.0247384025948,28.4931908421684,185.18970515579,14.5659358032979
2018-03-31 21:29:58,77.0390337815322,28.4598971474334,130.491564888507,15.3177685683593
2018-03-31 21:34:21,77.0302496259334,28.4555812986218,120.724768424407,3.94909400995821
2018-03-31 21:38:44,77.0272333186492,28.4770064865355,172.330094710924,14.8763004268985
2018-03-31 21:43:07,77.0296717311954,28.4878410651814,155.350517504849,37.6372229109518
2018-03-31 21:47:30,77.023988122046,28.4775040529319,199.580091843382,26.4456678709015
2018-03-31 21:51:53,77.0203630629647,28.4596283707302,176.456948346458,41.2132455623709
2018-03-31 21:56:16,77.0304935630644,28.4981061722036,116.393317258917,13.916293081129
2018-03-31 22:00:39,77.0247338056983,28.4677071337705,161.752534937114,12.7080022346694
2018-03-31 22:05:02,77.0280734661873,28.4611510090879,178.925755061209,47.8238555232063
2018-03-31 22:09:25,77.0257092735311,28.4875496765948,179.442133847624,30.5318785090465
2018-03-31 22:13:48,77.0348232826451,28.4952047389001,143.972366605885,22.8439301020931
2018-03-31 22:18:11,77.0237327105505,28.4649029695312,109.83500124421,4.80065681827255
2018-03-31 22:22:34,77.0241173083242,28.4754492843058,104.225360020064,40.9150470382534
2018-03-31 22:26:58,77.0289625233971,28.4906819166499,191.06906473171,12.6976416466758
2018-03-31 22:31:21,77.0340007601772,28.4643388557946,180.521577340551,22.0210529640783
2018-03-31 22:35:44,77.0389310154179,28.4639620669885,138.905426044948,7.42311875950545
2018-03-31 22:40:07,77.0390516039869,28.4813576735905,195.641803182662,34.6430114401039
2018-03-31 22:44:30,77.0373087569745,28.4510578523274,108.319722535089,26.7665386882611
2018-03-31 22:48:53,77.025209512189,28.4667249869555,120.150949945673,12.0848345140461
2018-03-31 22:53:16,77.0383326868713,28.4593641289393,140.918370569125,4.06982274814509
2018-03-31 22:57:39,77.0374399065319,28.4600608167588,184.011706104502,27.4540649817325
2018-03-31 23:02:02,77.0248768178327,28.4565689903568,182.99314759206,8.37564153494313
2018-03-31 23:06:25,77.0321687398339,28.4590138475643,124.093862948939,38.7217020721175
2018-03-31 23:10:48,77.0301544923801,28.4777811651351,192.009278340265,38.380037981132
2018-03-31 23:15:11,77.032835823819,28.4549302636529,174.047289299779,10.8701408981811
2018-03-31 23:19:34,77.0287200511945,28.4717506167362,140.602041524835,34.6321604362689
2018-03-31 23:23:57,77.0308005331876,28.473702812742,183.718003984541,14.2171453299932
2018-03-31 23:28:20,77.0265958925104,28.4549051786773,143.525767186657,34.1371466968674
2018-03-31 23:32:43,77.0297251098929,28.4957072521676,119.086210499518,12.5217495350167
2018-03-31 23:37:07,77.0235799135501,28.4692078343825,112.38350935746,37.2260061900131
2018-03-31 23:41:30,77.0297156169871,28.4925058883964,163.643331686035,48.8731408812106
2018-03-31 23:45:53,77.020223211227,28.452534270566,111.409967509098,6.61758977808058
2018-03-31 23:50:16,77.0232351126196,28.4732256063144,169.089542003348,28.9882119829766
2018-03-31 23:54:39,77.0333338232152,28.4562377455179,186.800882034004,20.7178846197668
2018-03-31 23:59:02,77.0353073544707,28.4715737958904,164.55083892215,42.4231158407871
2018-04-01 00:03:25,77.0225510477787,28.4888533599209,109.10457931459,33.5571122429799
2018-04-01 00:07:48,77.0263987038797,28.492877320142,181.094739376567,39.8514177221339
2018-04-01 00:12:11,77.0320639861049,28.468543598277,121.921758586541,31.8088289512321
2018-04-01 00:16:34,77.0318336833222,28.4658303669188,119.761457713321,22.4301419638097
2018-04-01 00:20:57,77.0269473714102,28.4732584418845,111.539024021477,32.6010344192386
2018-04-01 00:25:20,77.0273651410174,28.4628261809237,176.860496238805,42.1426422254648
2018-04-01 00:29:43,77.0357888411544,28.4785549895023,127.408154821023,16.2284852920566
2018-04-01 00:34:06,77.0333211952541,28.4904797453783,147.285247850232,23.8941398939583
2018-04-01 00:38:29,77.0263956101937,28.4624223185936,180.383866932243,43.9562708783429
2018-04-01 00:42:52,77.0314530777186,28.4687806991977,136.867071688175,34.3866532968357
2018-04-01 00:47:16,77.0236111636926,28.4683550277143,106.062139011919,40.6512531492393
2018-04-01 00:51:39,77.0359579853527,28.4953584871138,121.114071644843,39.5890015001874
2018-04-01 00:56:02,77.0367309417669,28.4657583330991,186.935501080006,14.7860550694168
2018-04-01 01:00:25,77.0273512133304,28.4666155096493,141.379260714166,13.8907008714974
2018-04-01 01:04:48,77.0388820835296,28.4926488623372,150.542481802404,30.1861133806873
2018-04-01 01:09:11,77.023809919008,28.4716153646237,167.970590456389,31.930259830365
2018-04-01 01:13:34,77.0221522080759,28.4986736066407,132.0696687093,20.2793420149479
2018-04-01 01:17:57,77.021563884099,28.4751884975936,129.095349041745,35.747968120873
2018-04-01 01:22:20,77.0298682375345,28.490605802706,193.303503491916,33.8453851953149
2018-04-01 01:26:43,77.0399515645206,28.4682362344582,189.095493033528,18.2938357597683
2018-04-01 01:31:06,77.0335721679637,28.4930060278275,179.010746977292,8.0278062115889
2018-04-01 01:35:29,77.0284902718384,28.4810281922575,181.682500615716,10.2055700697005
2018-04-01 01:39:52,77.031752157337,28.464812084334,128.134638350457,26.5259180761408
2018-04-01 01:44:15,77.0266559027555,28.4727245501475,128.566315583885,40.1776997032575
2018-04-01 01:48:38,77.0308402450988,28.4664446183946,162.512949341908,33.9113248818554
2018-04-01 01:53:01,77.0222398887342,28.4586906550219,183.587067574263,10.7884858577047
2018-04-01 01:57:25,77.0338271700591,28.4820850692573,103.895208565518,42.3058360605035
2018-04-01 02:01:48,77.0316703743395,28.495933417452,151.61130183842,8.07384668947197
2018-04-01 02:06:11,77.0207845562417,28.4687123465468,113.133787130937,15.2570128051098
2018-04-01 02:10:34,77.0336618542392,28.4833871915936,164.703922858462,8.75396932037547
2018-04-01 02:14:57,77.0223349025473,28.4815265721525,137.153254402801,24.7770533378236
2018-04-01 02:19:20,77.022865383178,28.4864035897073,176.96633504238,21.3870656718034
2018-04-01 02:23:43,77.0394211354572,28.4568202757393,128.367067826912,7.1416390539147
2018-04-01 02:28:06,77.0263268450042,28.4834272316541,156.781067349948,30.3870046568569
2018-04-01 02:32:29,77.0215749659017,28.4804909594706,137.81594412867,28.0569390561432
2018-04-01 02:36:52,77.0338109019166,28.4541003136081,163.12448293902,35.6267888836563
2018-04-01 02:41:15,77.026939166775,28.4701163844322,134.239333914593,11.7348811367527
2018-04-01 02:45:38,77.0328389374632,28.4550958891865,117.724486999214,44.3374915096443
2018-04-01 02:50:01,77.0310547545971,28.4847631270066,169.478784780949,33.3468371634837
2018-04-01 02:54:24,77.031025798507,28.4773658705526,122.724438109435,4.2820097441785
2018-04-01 02:58:47,77.0277282655239,28.4599310511607,108.699634834193,14.9808433048893
2018-04-01 03:03:10,77.036579879853,28.4812237207079,142.914788937196,17.6327406776138
2018-04-01 03:07:34,77.030353613887,28.4730656734901,107.163516245782,36.4261284374166
2018-04-01 03:11:57,77.0395222965721,28.4543027202599,110.559269203804,23.5411481735297
2018-04-01 03:16:20,77.0355611376837,28.4890859465464,184.944184729829,32.7938758557197
2018-04-01 03:20:43,77.0211618002551,28.468895482528,134.078994975425,18.2254783882294
2018-04-01 03:25:06,77.0328036360163,28.4835002625361,197.131059295498,22.9338553330395
2018-04-01 03:29:29,77.0212293178262,28.4869429376209,173.545351577923,41.4884194207843
2018-04-01 03:33:52,77.0226205852954,28.4525807926664,113.562919106334,16.2363272583578
2018-04-01 03:38:15,77.0233103366988,28.4703112454154,109.708912321366,23.061771853175
2018-04-01 03:42:38,77.0346882856917,28.4581227016519,188.026834814809,34.6798932936508
2018-04-01 03:47:01,77.0354414647911,28.4613905074657,169.451196468435,9.5050594417844
2018-04-01 03:51:24,77.0204725900572,28.4978451614385,132.16751201544,45.4780072991271
2018-04-01 03:55:47,77.0281183328852,28.4990827226546,107.596962945536,47.561024650326
2018-04-01 04:00:10,77.0279738993291,28.4976618003333,186.409871815704,4.06263623563573
2018-04-01 04:04:33,77.0398336290475,28.4517678068718,179.770067404024,49.2007458784152
2018-04-01 04:08:56,77.0399771250971,28.4807794760447,147.151002357714,37.5371742927004
2018-04-01 04:13:20,77.0257776758494,28.4952823320753,109.555730572902,22.3520152157638
2018-04-01 04:17:43,77.0223539760476,28.4674183578929,188.01421453245,16.2195811848622
2018-04-01 04:22:06,77.0338737131841,28.4521567948861,198.02461580839,47.3145151746925
2018-04-01 04:26:29,77.0375327970972,28.4702777116327,134.915380761959,35.4233029930387
2018-04-01 04:30:52,77.0342355390126,28.465117048379,148.663588683121,10.9268539640121
2018-04-01 04:35:15,77.0204160767933,28.4705494085792,170.031036157161,17.4474751568399
2018-04-01 04:39:38,77.0202074895985,28.4792345515452,145.570298517123,19.080030834442
2018-04-01 04:44:01,77.0317210974172,28.4623233859194,148.888508137316,36.0138446714263
2018-04-01 04:48:24,77.0266769586178,28.4779939720989,113.224061881192,15.6123446336947
2018-04-01 04:52:47,77.0284269716451,28.4524797569844,103.413465688936,28.6097268630285
2018-04-01 04:57:10,77.0347170892544,28.4910379185108,113.040094194002,24.2537994470447
2018-04-01 05:01:33,77.0340089607611,28.4982413523132,139.646551432088,24.0878040898126
2018-04-01 05:05:56,77.0336085805669,28.4559174003196,116.003559459932,46.1909087281208
2018-04-01 05:10:19,77.0281786357611,28.4951533459593,147.205203678459,8.445081000356
2018-04-01 05:14:42,77.0260647180863,28.4724809010862,113.715436705388,24.2272304635961
2018-04-01 05:19:05,77.0381692915829,28.4739054146106,147.074854071252,3.95373268197291
2018-04-01 05:23:29,77.0312388262944,28.4859417797299,181.240639276803,38.9268557888921
2018-04-01 05:27:52,77.0381670427276,28.4557592607685,187.196093075909,26.3606831238605
2018-04-01 05:32:15,77.0385745298816,28.453593947331,166.398714249954,26.3786653382238
2018-04-01 05:36:38,77.0246529930225,28.489212701004,108.424565382302,44.5459578009788
2018-04-01 05:41:01,77.0398784654075,28.4614602549933,192.359893932007,23.2645673315972
2018-04-01 05:45:24,77.0296114067454,28.4849006382283,148.896481608972,40.6671386948321
2018-04-01 05:49:47,77.0371952587739,28.4822206394514,197.053157491609,33.9525702971499
2018-04-01 05:54:10,77.0266239660466,28.4572813377716,189.493127190508,14.4681856621057
2018-04-01 05:58:33,77.0388810051233,28.4976119935745,165.912984823808,42.3475585137028
2018-04-01 06:02:56,77.0290914198244,28.4904268196551,153.817416867241,44.6817914989777
2018-04-01 06:07:19,77.0309554691985,28.4912537881173,195.981120294891,9.36131866718642
2018-04-01 06:11:42,77.0284064505249,28.4572986368556,151.21366167441,41.8303955985233
2018-04-01 06:16:05,77.0386720050592,28.4782304390101,124.631091300398,33.6659288020805
2018-04-01 06:20:28,77.0348694609059,28.4757655011606,100.282494816929,15.8835766120348
2018-04-01 06:24:51,77.0322721717134,28.4993381640408,195.099155302159,30.9924292733893
2018-04-01 06:29:14,77.0234755983623,28.4633938365965,155.856505827978,46.1873838317115
2018-04-01 06:33:38,77.0235599911492,28.4774940098054,124.799237051047,19.1065888920333
2018-04-01 06:38:01,77.0396644656779,28.475676225964,135.980795416981,7.83746238052845
2018-04-01 06:42:24,77.0356759095192,28.4574377640034,159.417589381337,24.8471730924677
2018-04-01 06:46:47,77.0306510507921,28.4697885555797,110.699383518659,30.848853276344
2018-04-01 06:51:10,77.0368514264375,28.4852236001636,130.578326573595,15.1967923112214
2018-04-01 06:55:33,77.0236377312988,28.4731997766183,101.348505704664,4.36443601781502
2018-04-01 06:59:56,77.0231954479637,28.4620539073367,187.26913058199,43.142677974049
2018-04-01 07:04:19,77.0316377315344,28.4706350252847,127.703219652176,15.7891498410609
2018-04-01 07:08:42,77.0317753848154,28.476456077036,145.57578926906,10.787253481755
2018-04-01 07:13:05,77.0362407132005,28.4995231678942,143.876794213429,35.3488099225797
2018-04-01 07:17:28,77.0294464317756,28.4551666284679,153.058191901073,49.6836053230334
2018-04-01 07:21:51,77.0205218139198,28.4768234086107,184.960984042846,8.73112739967182
2018-04-01 07:26:14,77.0365438358858,28.4842181027168,130.13005850371,15.0102388304193
2018-04-01 07:30:37,77.029597772751,28.4831720938091,156.871824432164,14.3590284918435
2018-04-01 07:35:00,77.0377954073809,28.4664387943922,145.862990547903,30.506092888955
2018-04-01 07:39:23,77.0221152698994,28.4547108326107,146.012956439517,10.3638290844858
2018-04-01 07:43:47,77.0213254987169,28.4570175440051,134.147284040228,14.8439707715996
2018-04-01 07:48:10,77.0350530841621,28.4728821964702,158.078514714725,37.3531797084492
2018-04-01 07:52:33,77.0369462553831,28.4966926463065,153.663385217078,9.33042076574639
2018-04-01 07:56:56,77.023642847864,28.451541275566,189.857660257258,11.340688507352
2018-04-01 08:01:19,77.0207837270433,28.4872929903213,185.118772345595,26.5445873717777
2018-04-01 08:05:42,77.0254624323966,28.475745708379,190.283787925728,40.8495621147566
2018-04-01 08:10:05,77.0252065621922,28.4782361817779,142.056233156472,49.7171209709253
2018-04-01 08:14:28,77.0202680075308,28.4971076016431,188.456187746488,7.64808389833197
2018-04-01 08:18:51,77.0321416669479,28.4607710836921,139.128605159931,22.1298425177578
2018-04-01 08:23:14,77.0237579857605,28.4887811930734,156.073355255648,25.6812377659138
2018-04-01 08:27:37,77.024342899383,28.4898057151702,197.208383399993,19.7317590282764
2018-04-01 08:32:00,77.0369699531142,28.4563499006326,165.408379165456,13.5846305546816
2018-04-01 08:36:23,77.022547929748,28.4753903896315,147.238145163283,31.2866284888703
2018-04-01 08:40:46,77.0305182648869,28.4955304413219,194.296077033505,28.3189694879111
2018-04-01 08:45:09,77.0271949359588,28.4654860681039,124.470887868665,41.4906250877306
2018-04-01 08:49:32,77.0285693121515,28.4925445751753,158.087725122459,29.0161275593564
2018-04-01 08:53:56,77.0351010559686,28.4567894974607,123.48910626024,38.5369256434962
2018-04-01 08:58:19,77.0344654244278,28.4925010129577,168.156889686361,37.6822762859054
2018-04-01 09:02:42,77.030067006629,28.4973273076001,182.191217388026,12.4142807514872
2018-04-01 09:07:05,77.0374024798069,28.4607333785039,125.514265149832,17.860503888363
2018-04-01 09:11:28,77.0386854873365,28.4657779592555,136.226886766963,31.2084623556584
2018-04-01 09:15:51,77.0230761975329,28.4916033885791,161.644202843308,16.8842199337669
2018-04-01 09:20:14,77.0215388564626,28.4968737090705,112.566258292645,40.2897316000424
2018-04-01 09:24:37,77.0350675453572,28.4555383612518,117.744748620316,32.8694342135452
2018-04-01 09:29:00,77.0300530404225,28.4568008264876,122.956111514941,46.8293393615168
2018-04-01 09:33:23,77.0243979711365,28.473815897014,131.935689807869,12.6688136147335
2018-04-01 09:37:46,77.028775091595,28.4646265958901,182.276545860805,41.4378845095634
2018-04-01 09:42:09,77.0339522948954,28.4938060333836,115.274035022594,47.2143627228215
2018-04-01 09:46:32,77.0338250642736,28.4622863756376,185.428772377782,18.2784197981935
2018-04-01 09:50:55,77.0393460251065,28.4988836097997,109.871950675733,18.7483337076381
2018-04-01 09:55:18,77.0273009375855,28.4992569986964,167.238644510508,19.9690988669172
2018-04-01 09:59:41,77.0206960855331,28.4784520718269,170.235426165164,13.5369637298398
2018-04-01 10:04:05,77.0370164563647,28.4842315678019,147.644003108144,5.94557428522967
2018-04-01 10:08:28,77.0229466906981,28.4571397956461,103.89373106882,15.231675351318
2018-04-01 10:12:51,77.0360222778562,28.4979139180272,147.222998924553,44.4067332029343
2018-04-01 10:17:14,77.0310124855628,28.4842810087721,150.907970755361,10.2573737366125
2018-04-01 10:21:37,77.0316014611535,28.477939822129,182.214087736793,9.2356311629992
2018-04-01 10:26:00,77.0262765027117,28.474709961575,142.124575865455,12.9849176877644
2018-04-01 10:30:23,77.0381661827024,28.4915305364062,148.454924137332,9.88051805584692
2018-04-01 10:34:46,77.0359270259319,28.4535730297095,144.759311503731,29.6012066020165
2018-04-01 10:39:09,77.0375912988326,28.4623369767563,187.936102109961,42.7278171704616
2018-04-01 10:43:32,77.0368926538527,28.4715490729432,127.433136315085,33.0335903486237
2018-04-01 10:47:55,77.0231123068603,28.4811144542065,124.923427868634,7.67762016886845
2018-04-01 10:52:18,77.0337772421353,28.4738184136688,171.865307237022,18.9210801705718
2018-04-01 10:56:41,77.0287281430885,28.4890996795846,107.486475841142,49.098472540779
2018-04-01 11:01:04,77.0355762986327,28.4698645120254,146.116568753496,33.3050484390464
2018-04-01 11:05:27,77.0315446686745,28.4858533781837,142.240801919252,27.6688305452
2018-04-01 11:09:50,77.0299167902395,28.4653285607346,146.114828297868,21.338582857931
2018-04-01 11:14:14,77.0276276927255,28.4731442944962,145.186387235299,47.3028755018953
2018-04-01 11:18:37,77.0301320443489,28.4854357772856,121.20716299396,29.2277000817005
2018-04-01 11:23:00,77.034779629237,28.4719736981089,193.901290954091,46.2268410736695
2018-04-01 11:27:23,77.0304513049591,28.4554865405778,193.682488566265,20.9260064590722
2018-04-01 11:31:46,77.0255109393457,28.4616199810756,168.865463603288,22.0228121247608
2018-04-01 11:36:09,77.0311703453027,28.4560532003525,126.416530716233,28.0691744539887
2018-04-01 11:40:32,77.0381090412941,28.4809611673583,167.872857209295,6.91802659481764
2018-04-01 11:44:55,77.0397517277347,28.4988404878066,126.140887709334,29.1599643556401
2018-04-01 11:49:18,77.0243284484371,28.4876726573333,134.605500171892,46.1003259602003
2018-04-01 11:53:41,77.0264792122133,28.4669059157721,126.388014480472,25.5454350986518
2018-04-01 11:58:04,77.0348219547235,28.4544870500569,190.63072965946,28.9244880537968
2018-04-01 12:02:27,77.0276906562643,28.4572296173195,123.311250703409,37.6189037852455
2018-04-01 12:06:50,77.0242124681035,28.4548446884495,185.783951706253,34.5968813745305
2018-04-01 12:11:13,77.0371878001001,28.4656950365752,149.602627870627,44.0612323132344
2018-04-01 12:15:36,77.0334574161377,28.4933626062819,183.320519072004,34.2997261233162
2018-04-01 12:20:00,77.0294424071442,28.4530028174864,116.082352842204,35.2904361589812
2018-04-01 12:24:23,77.0217729966622,28.4587127752835,175.868220627308,29.8214368084446
2018-04-01 12:28:46,77.0360975191603,28.482806556148,187.645566021092,34.7774044113699
2018-04-01 12:33:09,77.0225400689011,28.4952617575298,160.238239285536,14.1564671761356
2018-04-01 12:37:32,77.0229971100064,28.4628763983492,125.672344164923,30.9266748056281
2018-04-01 12:41:55,77.0225377498288,28.4766115611536,122.606796957552,13.3387539216317
2018-04-01 12:46:18,77.0221866489342,28.4913341398118,162.751484382898,47.9892474411055
2018-04-01 12:50:41,77.0211462022271,28.4772444278235,143.592419940978,22.3349577499088
2018-04-01 12:55:04,77.0296259561973,28.4748255962855,188.461068761535,37.5051831653807
2018-04-01 12:59:27,77.032236952167,28.4638001820305,146.399341477081,36.3129435317591
2018-04-01 13:03:50,77.0219638901809,28.4714884237037,121.8407363398,35.5048552957363
2018-04-01 13:08:13,77.0282582873385,28.489241603855,101.556674204767,18.373029520316
2018-04-01 13:12:36,77.0226514223451,28.4776630346896,181.216343748383,36.6215637288522
2018-04-01 13:16:59,77.0340537134185,28.4891901618452,139.949240465648,46.2903977840673
2018-04-01 13:21:22,77.0397889166465,28.4853451065603,143.47664678935,47.2318852048833
2018-04-01 13:25:45,77.0287992524682,28.491138897161,163.94155442249,5.17880041566677
2018-04-01 13:30:09,77.0213801602926,28.4740068324492,119.098731246777,19.4289834813215
2018-04-01 13:34:32,77.0282233962556,28.4747426108341,153.907305304892,38.9130245106295
2018-04-01 13:38:55,77.0364699820522,28.4932775203837,144.740179297514,46.1166049885564
2018-04-01 13:43:18,77.0210532792564,28.4691400833661,197.1886720974,34.1944556287956
2018-04-01 13:47:41,77.0385618363647,28.4672031381284,128.792305244133,44.9466028923634
2018-04-01 13:52:04,77.0216057013534,28.4601753331837,101.738950610161,33.0168720617425
2018-04-01 13:56:27,77.0203051617788,28.4722018966684,112.83417372033,4.19936495339498
2018-04-01 14:00:50,77.0209695224464,28.4839677268057,147.579082194716,11.768774339743
2018-04-01 14:05:13,77.0211691454472,28.474750700593,123.197599826381,31.3323980662506
2018-04-01 14:09:36,77.0321612076741,28.467720285221,195.059892302379,28.4187111188658
2018-04-01 14:13:59,77.0398676034249,28.4679367465898,132.062616222538,37.5868999960832
2018-04-01 14:18:22,77.0282497177878,28.475557405455,134.518344514072,43.4990878820419
2018-04-01 14:22:45,77.0295762874139,28.4647202195949,126.974061853252,41.6404344437178
2018-04-01 14:27:08,77.0397053694958,28.4620409130119,107.326481794007,17.5491340099368
2018-04-01 14:31:31,77.0255880383309,28.4874507048749,170.841012126766,37.5517043701373
2018-04-01 14:35:54,77.0265360118868,28.4662217030651,112.658421415836,33.4722176261246
2018-04-01 14:40:18,77.0270106855733,28.4613528414862,125.265957275406,27.2691087809857
2018-04-01 14:44:41,77.032129738396,28.4987346818321,130.569430533797,39.9369323244318
2018-04-01 14:49:04,77.0304435346089,28.4729971351102,149.143117200583,11.420715041738
2018-04-01 14:53:27,77.029927347023,28.4961786287604,125.84347424563,34.3876106601674
2018-04-01 14:57:50,77.0373461061902,28.4946933864616,102.744754869491,48.2003266832326
2018-04-01 15:02:13,77.0326793469349,28.4763795000734,148.490273789503,46.8043948805425
2018-04-01 15:06:36,77.0309869285673,28.4601941314759,167.183564370498,44.296618832089
2018-04-01 15:10:59,77.0232149794977,28.4644294767757,111.081117251888,47.247693748679
2018-04-01 15:15:22,77.0293592376122,28.4974662235123,151.440575649031,15.2274226213805
2018-04-01 15:19:45,77.030682497886,28.4951924053952,183.041679859161,11.5653650603257
2018-04-01 15:24:08,77.0331683861651,28.4527404475259,122.771201701835,9.76455583414063
2018-04-01 15:28:31,77.0314915332478,28.483518267679,117.677970300429,15.4810963346623
2018-04-01 15:32:54,77.0334695817577,28.4993398400489,193.261499260552,20.8231960726902
2018-04-01 15:37:17,77.0374499517772,28.4914232657524,189.832967869006,33.8547012192663
2018-04-01 15:41:40,77.0213713971758,28.4509570642142,167.983991862275,14.6574949869886
2018-04-01 15:46:03,77.0284822072694,28.4831590742921,130.915673077106,33.7186819227412
2018-04-01 15:50:27,77.0368418887491,28.4788861869019,129.783708136529,13.9292332347482
2018-04-01 15:54:50,77.0399737663241,28.4538696952513,184.192888811231,4.95903740627691
2018-04-01 15:59:13,77.0398630187195,28.478545402037,123.807222023606,41.1035969997756
2018-04-01 16:03:36,77.0382786317077,28.4747138828156,108.849438931793,21.8058747677598
2018-04-01 16:07:59,77.0219645307353,28.4994238676503,114.85714672599,21.7601406695787
2018-04-01 16:12:22,77.0398883684306,28.4692256225157,110.045826807618,15.5018260603771
2018-04-01 16:16:45,77.0250203235354,28.4939850027789,166.56825451646,44.6235048058908
2018-04-01 16:21:08,77.0242611894663,28.4827766395174,100.013608462177,18.2894441401586
2018-04-01 16:25:31,77.0295605442301,28.4729212639271,115.286096557975,27.1716635222081
2018-04-01 16:29:54,77.0230677774455,28.47380877916,159.959978843108,13.4581313688774
2018-04-01 16:34:17,77.0223988793651,28.4656893110019,149.284059554338,16.6534229259938
2018-04-01 16:38:40,77.0227637905301,28.4519276044448,196.463674865663,12.1299544965848
2018-04-01 16:43:03,77.0238760703569,28.4930733701563,108.518517459743,42.4599986599758
2018-04-01 16:47:26,77.0312423216878,28.4819416163024,119.941448350437,31.3836162178777
2018-04-01 16:51:49,77.0324103891803,28.4785355792847,153.430782351643,43.9795516235754
2018-04-01 16:56:12,77.0394178620586,28.4744097723626,165.149737242609,24.9063708848786
2018-04-01 17:00:36,77.0266902106395,28.4710255018086,103.355827159248,48.6285681033041
2018-04-01 17:04:59,77.0335671977373,28.4668230780284,199.767113639973,15.8741075826809
2018-04-01 17:09:22,77.0379817902716,28.4828920615604,104.072756879032,35.308984000748
2018-04-01 17:13:45,77.0241277645575,28.4906454430544,128.524754475802,27.6057509052567
2018-04-01 17:18:08,77.037485950496,28.4536511796876,151.569920685142,29.4965760893188
2018-04-01 17:22:31,77.0208649958624,28.4535944677424,144.595089671202,43.4616678188089
2018-04-01 17:26:54,77.0210738611873,28.4505797575694,109.522530552931,40.3216130781919
2018-04-01 17:31:17,77.0215118392603,28.4658400999964,172.783626895398,44.0908822257072
2018-04-01 17:35:40,77.0326304060593,28.4952513349243,160.718630743213,42.4470190994907
2018-04-01 17:40:03,77.0205095378775,28.4864352213801,186.04764000047,16.4123400535434
2018-04-01 17:44:26,77.0245608179318,28.4550446750713,161.266084434465,42.4251671352424
2018-04-01 17:48:49,77.0287586070411,28.4962419170188,122.615694906563,23.4443005276844
2018-04-01 17:53:12,77.0367339357268,28.4877595795901,169.681081501767,18.3171082482208
2018-04-01 17:57:35,77.0370429250086,28.4754811646068,137.278745742515,46.6566795133986
2018-04-01 18:01:58,77.0208918579901,28.4503626236808,159.58405060228,4.17069077314809
2018-04-01 18:06:21,77.0348940387275,28.4717700804118,123.651003837585,39.3682680424768
2018-04-01 18:10:45,77.0236801056517,28.4531348159187,109.37355174683,33.320746140182
2018-04-01 18:15:08,77.031795696863,28.4842507651891,139.994211564772,14.3162159375381
2018-04-01 18:19:31,77.0325897739036,28.4674533341196,194.624957046472,6.82211406999268
2018-04-01 18:23:54,77.0296428781329,28.4771571456105,176.878398330882,44.7354850788135
2018-04-01 18:28:17,77.0356758178445,28.4880467041163,167.654807725921,49.3255986557808
2018-04-01 18:32:40,77.026998982057,28.4973442466115,139.107764163055,31.32487088833
2018-04-01 18:37:03,77.0349673758727,28.4697750031948,182.602283055894,39.3105737001169
2018-04-01 18:41:26,77.0306296044029,28.4878720000735,171.57963316422,3.74855231782421
2018-04-01 18:45:49,77.037844171701,28.4836216372787,183.444493473507,7.14600300625898
2018-04-01 18:50:12,77.039140997529,28.4650144389132,156.199116050266,35.2556649705861
2018-04-01 18:54:35,77.0233164912742,28.4796231571236,188.952423469163,26.0779235956725
2018-04-01 18:58:58,77.034859368098,28.4728014923399,192.9278627038,19.7019456944894
2018-04-01 19:03:21,77.0361540911067,28.4723081803764,199.495753552765,27.3101147279609
2018-04-01 19:07:44,77.0349865907058,28.4850793625345,157.256433577277,3.73548556747846
2018-04-01 19:12:07,77.0212356271641,28.4804877281305,106.54999865219,6.86294708028436
2018-04-01 19:16:30,77.0373581080465,28.4783419876592,111.243568733335,35.9314624918159
2018-04-01 19:20:54,77.036331287045,28.4956386175589,175.567970681004,31.9522162249777
2018-04-01 19:25:17,77.0279241603147,28.4785137248226,194.840593636036,5.77501171347685
2018-04-01 19:29:40,77.0209721171437,28.474824360467,181.915635056794,7.13034263965674
2018-04-01 19:34:03,77.0214695486985,28.4547948469291,104.161984985694,30.6855410145596
2018-04-01 19:38:26,77.0380251945416,28.4660835258779,127.414775127545,28.250648821611
2018-04-01 19:42:49,77.0355033573508,28.4629203694873,144.534713542089,29.9680989533197
2018-04-01 19:47:12,77.0398443547776,28.4829122817144,189.221335132606,21.3998284728266
2018-04-01 19:51:35,77.0265304432297,28.4732127914089,126.777062076144,17.7062923015561
2018-04-01 19:55:58,77.0298033834388,28.469783222687,139.545492036268,15.3346915713046
2018-04-01 20:00:21,77.0215404337551,28.4743260347168,127.636783826165,16.6534388428088
2018-04-01 20:04:44,77.0341917560343,28.4624512555543,123.619883717038,36.7780314455274
2018-04-01 20:09:07,77.0309491561866,28.4715761229047,119.042285322212,30.3183237085119
2018-04-01 20:13:30,77.0378417732753,28.4902060160413,171.091493172571,31.2858060983941
2018-04-01 20:17:53,77.0258787725773,28.4679067724501,147.450152318925,37.2890032404568
2018-04-01 20:22:16,77.0200493292231,28.4822746549617,122.342562954873,4.42446289509535
2018-04-01 20:26:40,77.0398251326336,28.4682898515137,176.801546174102,15.7635792552959
2018-04-01 20:31:03,77.0390043833852,28.487295563193,167.129753273912,19.1895840697456
2018-04-01 20:35:26,77.0258927797386,28.4580412075506,153.338128514588,38.720080173621
2018-04-01 20:39:49,77.026155148861,28.4637833416695,100.763786630705,39.1510571809951
2018-04-01 20:44:12,77.0361247098306,28.4573262027348,160.269098752178,17.7483417709824
2018-04-01 20:48:35,77.030173497065,28.4532315728837,195.009662513621,33.9699160559103
2018-04-01 20:52:58,77.0345444507292,28.4706317322212,147.713628783822,21.1648133137729
2018-04-01 20:57:21,77.0296366630867,28.4637366850046,104.72672409378,7.43686219691299
2018-04-01 21:01:44,77.0337006852357,28.4771223942051,155.495561938733,39.816558888182
2018-04-01 21:06:07,77.0307367379312,28.4851870269631,188.405622332357,26.979617383983
2018-04-01 21:10:30,77.0230137000186,28.4841314352583,193.429711158387,44.3304431924131
2018-04-01 21:14:53,77.0317561229784,28.4927218715195,110.468056658283,35.749417310534
2018-04-01 21:19:16,77.0367453900119,28.4815698681166,104.782946244814,27.2935657213442
2018-04-01 21:23:39,77.0269795167213,28.456424944615,151.609923876822,47.9095983641688
2018-04-01 21:28:02,77.032525537014,28.4913481414202,126.873443345539,37.0672170161735
2018-04-01 21:32:25,77.0281601627637,28.4796327976277,126.842270721681,43.0949304584414
2018-04-01 21:36:49,77.0318061443651,28.4995830807718,166.416225023568,11.611419784138
2018-04-01 21:41:12,77.0250540629076,28.4548636804684,114.346113521606,13.7763787435833
2018-04-01 21:45:35,77.0217996098334,28.4627884327201,177.581130969338,25.3117550750263
2018-04-01 21:49:58,77.0373458951153,28.4694565406768,160.841530561447,17.8887641554698
2018-04-01 21:54:21,77.0242671938846,28.488794013008,194.408085383475,34.8432965970132
2018-04-01 21:58:44,77.0377260001935,28.4992582560168,145.246084383689,43.4524883517995
2018-04-01 22:03:07,77.0396267117746,28.4557563986396,188.139215810224,46.3862486488651
2018-04-01 22:07:30,77.037437250372,28.4582269485458,112.590232514776,10.37524739746
2018-04-01 22:11:53,77.036050427123,28.4549471678794,156.361384619959,49.1123282530345
2018-04-01 22:16:16,77.0220787885506,28.4641710422467,165.040494920686,37.8687426961958
2018-04-01 22:20:39,77.027769426126,28.4731669243542,139.65916687157,7.11359297484159
2018-04-01 22:25:02,77.0287567513715,28.4999882332399,140.313970553689,13.2820415067952
2018-04-01 22:29:25,77.028707843665,28.4736836304888,168.562937364914,35.656057313364
2018-04-01 22:33:48,77.0308982554451,28.4938641520916,113.955032662489,41.7102128168568
2018-04-01 22:38:11,77.0207368413452,28.4986939091352,133.852973021567,11.8530671773013
2018-04-01 22:42:34,77.0393414861616,28.4992119196453,175.943030673079,25.8949212246574
2018-04-01 22:46:58,77.0335196981207,28.4897817104124,112.449325830676,16.4770232773386
2018-04-01 22:51:21,77.0285099310894,28.4767146891565,123.402281152084,19.9144728025887
2018-04-01 22:55:44,77.0390434370283,28.4621073329356,195.824502129108,33.2430590087082
2018-04-01 23:00:07,77.0335173318954,28.4520243765553,128.052650159225,10.0743154126219
2018-04-01 23:04:30,77.0234808283066,28.4919096635422,127.096543647349,17.1141558602918
2018-04-01 23:08:53,77.0330974554736,28.4923914440442,181.730580842122,19.0222034939099
2018-04-01 23:13:16,77.0394868678134,28.4581229239586,168.730156845413,15.6659959639888
2018-04-01 23:17:39,77.0205726756994,28.4509689889615,174.837120505981,34.3821601654869
2018-04-01 23:22:02,77.024541912186,28.4856565984199,157.199031161144,8.25824133153074
2018-04-01 23:26:25,77.0392926661065,28.4794366056449,154.596530878916,29.2630240078084
2018-04-01 23:30:48,77.0364796223119,28.4843727788655,164.309459971264,48.4216524157207
2018-04-01 23:35:11,77.0332306563109,28.4787302281242,171.080804523081,21.0655959829222
2018-04-01 23:39:34,77.0246783789899,28.4998328113928,167.062916955911,38.383775665937
2018-04-01 23:43:57,77.0237187273847,28.4870663998066,132.66928922385,40.8120870316401
2018-04-01 23:48:20,77.0365289372811,28.4611958430149,142.051025480032,19.8271623994689
2018-04-01 23:52:43,77.0379165263614,28.4742307994282,152.825051732361,45.642533437768
2018-04-01 23:57:07,77.0306812960096,28.4716400393168,122.897548414767,13.0320945090614
2018-04-02 00:01:30,77.0290746079432,28.4998986416031,148.826371668838,19.8025350938551
2018-04-02 00:05:53,77.0375394509733,28.4534977575298,105.340485950001,45.6252081744839
2018-04-02 00:10:16,77.0308122877358,28.4803860908723,152.988616516814,29.5101126189809
2018-04-02 00:14:39,77.0295443619136,28.4872466626228,156.234470242634,46.5062733907718
2018-04-02 00:19:02,77.0335413538339,28.4751720196684,138.718388439156,43.2302926411387
2018-04-02 00:23:25,77.029744017818,28.4525901563,170.997569430619,47.228029516479
2018-04-02 00:27:48,77.0383474806929,28.4636691485415,112.999254860915,9.62815290656872
2018-04-02 00:32:11,77.0262487838883,28.4740221180837,186.254146299325,14.8548511895351
2018-04-02 00:36:34,77.0321242310433,28.4834964429145,147.947954642586,31.6794683191925
2018-04-02 00:40:57,77.0287978428043,28.4987780798227,116.641714889556,9.82057209718041
2018-04-02 00:45:20,77.0303840042511,28.4553924998501,114.04559162911,25.7818113569636
2018-04-02 00:49:43,77.0280814763624,28.474298810598,106.818491709419,16.5860055036843
2018-04-02 00:54:06,77.0204827850917,28.4989442321006,175.667344476096,15.7640716675203
2018-04-02 00:58:29,77.0304981453251,28.4776032464579,152.750584413297,39.062189013185
2018-04-02 01:02:52,77.0366924874159,28.4636523487512,111.296331626363,15.1174843228422
2018-04-02 01:07:16,77.0263334219437,28.4701169082895,139.923761924729,6.65933937774971
2018-04-02 01:11:39,77.0342904974986,28.4824262854061,135.811503301375,11.6135041925125
2018-04-02 01:16:02,77.0333284691442,28.4990898536402,128.977463394403,35.5159105924889
2018-04-02 01:20:25,77.0356628242368,28.4764482325409,166.91383398138,20.7703361672349
2018-04-02 01:24:48,77.0254928365257,28.4576263372554,101.682938239537,11.7703522744123
2018-04-02 01:29:11,77.0265126327891,28.4595423073275,127.994277328253,38.8247268309817
2018-04-02 01:33:34,77.0380970975012,28.492461435555,187.681006966159,48.893590928847
2018-04-02 01:37:57,77.0221392165031,28.4944300804287,162.174870911986,27.8295285867527
2018-04-02 01:42:20,77.0378809352405,28.4986935383524,144.051522924565,33.1135963983834
2018-04-02 01:46:43,77.0203445906285,28.4685268280213,134.196499106474,23.3194779347628
2018-04-02 01:51:06,77.0372408214165,28.4889561890042,169.148509344086,27.1878266626969
2018-04-02 01:55:29,77.0284046357218,28.49747183976,119.603500817902,4.62043476873077
2018-04-02 01:59:52,77.0256192435836,28.4793584258296,151.628921041265,25.2631958452519
2018-04-02 02:04:15,77.0200231223646,28.4963771238923,158.567285793833,7.99036735631526
2018-04-02 02:08:38,77.0327841162961,28.4867156899883,192.532620416023,29.7403545563109
2018-04-02 02:13:01,77.0283478778694,28.4883876787499,137.327235145494,17.026018086588
2018-04-02 02:17:25,77.0223468915,28.4670731811551,135.908417240717,41.1125347308349
2018-04-02 02:21:48,77.0237518121768,28.4781962551177,178.224737034179,11.3163145470899
2018-04-02 02:26:11,77.0280099627795,28.460591738217,171.830508345738,40.0248788359575
2018-04-02 02:30:34,77.0309462561319,28.4829990450526,108.411993319169,35.6657557314727
2018-04-02 02:34:57,77.0289058909286,28.4720698006102,120.254882052541,7.21829302459955
2018-04-02 02:39:20,77.0270004272182,28.4946421288769,169.284726353362,15.6524596730247
2018-04-02 02:43:43,77.0316926789749,28.4729711468099,102.056180918589,26.3221944640391
2018-04-02 02:48:06,77.0218775880383,28.4852887573652,187.838670564815,24.0985956253018
2018-04-02 02:52:29,77.0397127670189,28.4724818171002,154.652902320959,9.52099301991984
2018-04-02 02:56:52,77.0388086770289,28.458078622038,185.16047897283,14.6147172934376
2018-04-02 03:01:15,77.0326619499177,28.4991154193529,112.934347311966,46.0359169786796
2018-04-02 03:05:38,77.0219830892514,28.4893739034422,123.190559237264,10.5691714486107
2018-04-02 03:10:01,77.0397573020822,28.4945812609512,164.312025136314,40.8949614824262
2018-04-02 03:14:24,77.0252072005114,28.492242212256,137.065324909054,28.2353152433876
2018-04-02 03:18:47,77.0384988765977,28.4668962496333,136.39199603349,34.4376349096186
2018-04-02 03:23:10,77.0281251988327,28.4784187208978,196.098823519424,5.19423286910169
2018-04-02 03:27:34,77.0367842488317,28.455073187477,138.864279747941,18.799541389104
2018-04-02 03:31:57,77.034377193111,28.4573651123443,173.778430884704,19.855683487514
2018-04-02 03:36:20,77.0279070074763,28.4516412963043,151.758132083341,48.799848841317
2018-04-02 03:40:43,77.0346249848278,28.4899971671985,194.670646381564,35.8769303334411
2018-04-02 03:45:06,77.0203674774244,28.4847025347757,126.668289164081,39.753108333284
2018-04-02 03:49:29,77.0360185260559,28.4878924499964,100.095504731871,20.8397227935959
2018-04-02 03:53:52,77.0318258875562,28.462653480249,134.09448589664,18.3040049662348
2018-04-02 03:58:15,77.0273678592034,28.4567358185886,139.539858396165,21.0227263689507
2018-04-02 04:02:38,77.031195511315,28.4903393049608,135.618504649028,44.9023935643025
2018-04-02 04:07:01,77.0390417150035,28.4754575599683,136.200264189392,4.7372986394912
2018-04-02 04:11:24,77.0321841754858,28.4611209325492,125.900498754345,38.5937062066048
2018-04-02 04:15:47,77.0285323338257,28.4969522321713,170.328606362455,10.1054660518188
2018-04-02 04:20:10,77.0335478621768,28.478757264989,174.180223233998,29.9848281769082
2018-04-02 04:24:33,77.0201967370603,28.4669570263824,115.032572578639,20.8438362975139
2018-04-02 04:28:56,77.0228131964896,28.4667971305782,120.746030076407,4.85502243055962
2018-04-02 04:33:20,77.0245392485242,28.4728856382659,152.423229021952,10.5352912329603
2018-04-02 04:37:43,77.0317137738084,28.4515716428286,169.644144689664,37.1329940625932
2018-04-02 04:42:06,77.0326110075461,28.479455281992,166.253108042292,6.23584878519177
2018-04-02 04:46:29,77.0301392524038,28.4903320190497,142.532624187879,43.5471834084485
2018-04-02 04:50:52,77.0394594337698,28.4936469447799,162.773266597651,48.3344556219876
2018-04-02 04:55:15,77.0305621660035,28.4578265356016,187.380697927438,6.97127120546065
2018-04-02 04:59:38,77.0311015389301,28.4829884694307,171.784346387722,34.4879954194184
2018-04-02 05:04:01,77.031687823562,28.4708183847833,131.356241134927,22.1739195854403
2018-04-02 05:08:24,77.0385416763974,28.4595847205957,150.319988373667,46.0156053324696
2018-04-02 05:12:47,77.0310938722407,28.490162288025,140.747562190518,16.9109059985727
2018-04-02 05:17:10,77.0232739491668,28.4568989797961,199.975211033598,11.1266229039989
2018-04-02 05:21:33,77.0255800017295,28.4576977319666,156.355027412064,9.95083270738833
2018-04-02 05:25:56,77.0391606948804,28.4754750973196,172.989990189672,10.7250762395095
2018-04-02 05:30:19,77.0331881493516,28.4635842366028,183.696391340345,44.5289688305929
2018-04-02 05:34:42,77.0323311437899,28.4991029175231,199.002412264235,23.9356991862413
2018-04-02 05:39:05,77.0273679555627,28.4916990392958,121.601155423559,38.7201094792224
2018-04-02 05:43:29,77.032051707115,28.4976100795786,173.964401776902,39.2893022167962
2018-04-02 05:47:52,77.0321626678389,28.4538058717269,131.06628654059,42.7259748886339
2018-04-02 05:52:15,77.0241127711255,28.4919243735727,133.02030232735,46.4123362869956
2018-04-02 05:56:38,77.0332694436982,28.475695755682,175.304280198179,33.8172317238525
2018-04-02 06:01:01,77.0244685535273,28.4531727435766,159.985468280502,13.3901765289251
2018-04-02 06:05:24,77.0276975337323,28.4675693157711,168.47703224048,15.2860306019429
2018-04-02 06:09:47,77.0376528379088,28.489983266464,140.454512345605,9.30858812518418
2018-04-02 06:14:10,77.0214492314542,28.4881566351512,122.464388119988,31.8486338133924
2018-04-02 06:18:33,77.0291834968142,28.48468905146,198.485292471014,41.6041511470452
2018-04-02 06:22:56,77.0288971952535,28.4871633145143,130.335568473674,28.2692958749365
2018-04-02 06:27:19,77.0351505649276,28.4854391523404,168.18961550016,18.1133758151438
2018-04-02 06:31:42,77.0354618346738,28.4992253119242,177.394536859356,47.4798340944108
2018-04-02 06:36:05,77.0217636408331,28.4918530583032,114.703647699207,36.998097091401
2018-04-02 06:40:28,77.0268684898689,28.4901173837017,197.977080335841,12.1288862580433
2018-04-02 06:44:51,77.0239087364636,28.4730520482408,127.348470990546,42.0703680805396
2018-04-02 06:49:14,77.0296263807546,28.4916198938037,185.86520079989,48.9506269530393
2018-04-02 06:53:38,77.0237890036637,28.4746825252892,118.089640024118,38.5929944634903
2018-04-02 06:58:01,77.0266283228854,28.4998251549667,164.777273335494,20.856908429414
2018-04-02 07:02:24,77.0390504816873,28.4538693233044,157.336743315682,46.340578348143
2018-04-02 07:06:47,77.0261937103327,28.4663082022802,100.246563111432,4.60206120903604
2018-04-02 07:11:10,77.03460825074,28.4580782368081,128.333747200668,27.4322749596089
2018-04-02 07:15:33,77.0287518486567,28.4710542878602,156.791079859249,44.576101188967
2018-04-02 07:19:56,77.0267360125249,28.4764107410447,130.744621693157,9.78424672456458
2018-04-02 07:24:19,77.0308516364638,28.4832017949899,152.153558214195,33.2696941657458
2018-04-02 07:28:42,77.0336633365415,28.4588254126022,133.75490391627,5.05196865848266
2018-04-02 07:33:05,77.030710256747,28.4629335491918,158.607135294005,38.4246543326415
2018-04-02 07:37:28,77.0341060245177,28.4797270950046,152.514275722206,42.0854069861118
2018-04-02 07:41:51,77.0214006979531,28.4807409968344,133.17031385377,14.8691768872552
2018-04-02 07:46:14,77.0234889718518,28.476806418912,182.425722549669,3.87296029236168
2018-04-02 07:50:37,77.023457269026,28.4793231989024,106.104985252023,42.9021045481786
2018-04-02 07:55:00,77.037681043935,28.4990231300355,173.749719746411,21.5458238583058
2018-04-02 07:59:23,77.0393584370706,28.476080416108,159.198546991684,43.539349254081
2018-04-02 08:03:47,77.0256059387606,28.471629558655,180.29038135428,23.3586883738637
2018-04-02 08:08:10,77.0200653609727,28.4870286607766,168.995884503238,35.8000796322245
2018-04-02 08:12:33,77.0251387136849,28.4704397969646,153.603821969591,29.8948038971517
2018-04-02 08:16:56,77.0270719944639,28.4554349978571,180.084646772593,15.8333717007656
2018-04-02 08:21:19,77.0311237831926,28.4551836324506,195.845999382436,15.4427792878356
2018-04-02 08:25:42,77.0334514131397,28.4947694582865,140.487370057963,32.8199161340017
2018-04-02 08:30:05,77.0268725822074,28.46729970749,102.07045963034,16.13744567791
2018-04-02 08:34:28,77.0223130608629,28.490922266338,170.098167774267,22.2955809383187
2018-04-02 08:38:51,77.0360975956917,28.4743581343209,198.908512131311,22.6424152708612
2018-04-02 08:43:14,77.0312978152093,28.4824656018522,183.479271968827,30.5414347933605
2018-04-02 08:47:37,77.0212184067769,28.4945759952767,178.498099767603,25.3215343249496
2018-04-02 08:52:00,77.0283012354793,28.4849696876016,180.863374168985,37.3774902509991
2018-04-02 08:56:23,77.0275514474092,28.4753678737907,158.685485715978,22.4442360485438
2018-04-02 09:00:46,77.0357517263107,28.4628154008184,118.899515387602,17.803407560382
2018-04-02 09:05:09,77.0209380901838,28.4964957889984,117.195287998766,37.4977123310324
2018-04-02 09:09:32,77.0293624922074,28.4780788147706,114.920575241558,14.5611996991094
2018-04-02 09:13:56,77.0354864800675,28.4826543351635,100.012284237891,4.33782330923714
2018-04-02 09:18:19,77.0248869786365,28.488861652487,199.552858201787,43.2357631321996
2018-04-02 09:22:42,77.0262788732955,28.465185695258,197.222031187266,47.1533373936079
2018-04-02 09:27:05,77.0315272066556,28.4579793223646,148.575453250669,6.39108288902789
2018-04-02 09:31:28,77.0280445132311,28.4938270115177,195.895113027655,22.8328449680936
2018-04-02 09:35:51,77.0257829908561,28.4713043598691,121.675057080574,26.0076138048898
2018-04-02 09:40:14,77.0300453894539,28.4672615661868,192.60097106453,5.55713216131553
2018-04-02 09:44:37,77.0329485436808,28.4514279735042,106.853981805034,26.9449061738793
2018-04-02 09:49:00,77.039507403858,28.4844016099814,108.814463345334,29.5477497129235
2018-04-02 09:53:23,77.0261684008734,28.4605382251437,104.078957042657,18.0376468642149
2018-04-02 09:57:46,77.0399002660625,28.4550875180983,150.747672980651,16.218370107282
2018-04-02 10:02:09,77.0290483336011,28.4972549869679,187.510643503629,11.8412712766789
2018-04-02 10:06:32,77.0322689527134,28.4667787621263,173.106574220583,19.4382617150433
2018-04-02 10:10:55,77.0356567291589,28.4668489951524,170.202599465847,33.8204510326032
2018-04-02 10:15:18,77.0388786381064,28.4803187314072,116.639889706858,4.46096203983761
2018-04-02 10:19:41,77.0256294176821,28.4798750063637,150.810156366788,10.6420208014082
2018-04-02 10:24:05,77.0310682907095,28.4586251931032,162.450076080859,7.4658060841728
2018-04-02 10:28:28,77.03601067096,28.4692687829724,185.368498042226,22.5239918343257
2018-04-02 10:32:51,77.0217825830029,28.4521999768913,197.57891825866,45.2562181779183
2018-04-02 10:37:14,77.0205479371594,28.4768115518847,198.266218951903,21.7668163467199
2018-04-02 10:41:37,77.0312594887894,28.4517654258409,147.637673118152,44.0041709111072
2018-04-02 10:46:00,77.035840852852,28.4810481735505,117.633581440896,40.8380495269317
2018-04-02 10:50:23,77.0276067213016,28.4826972990879,139.968013949692,19.4683237612713
2018-04-02 10:54:46,77.0379927998083,28.4659943137667,181.450298940763,22.3977012488525
2018-04-02 10:59:09,77.0243164013885,28.4719853274757,139.71055848524,34.1253662899137
2018-04-02 11:03:32,77.0328653135477,28.4921543614473,131.407023151405,37.1994630076457
2018-04-02 11:07:55,77.0269584840536,28.4924376902054,146.793700475246,33.1116876500193
2018-04-02 11:12:18,77.0277672836324,28.4690185918123,114.822103641927,42.7719636124559
2018-04-02 11:16:41,77.0305962155759,28.4679030176951,171.463351137936,4.90128839123063
2018-04-02 11:21:04,77.0294425927987,28.470449557656,179.223413113505,40.4607914013788
2018-04-02 11:25:27,77.0388937643869,28.4584175914293,170.618383283727,16.5223219904117
2018-04-02 11:29:50,77.0242211532453,28.4947712728055,114.590988191776,41.4687364616431
2018-04-02 11:34:14,77.0348169766879,28.4787052481086,188.793389732018,26.1664506857749
2018-04-02 11:38:37,77.027904734374,28.4675067864475,184.90253710188,3.72537176064216
2018-04-02 11:43:00,77.0357076546969,28.4795327390428,133.482430875301,43.1577349121682
2018-04-02 11:47:23,77.0257733546197,28.4722477729782,172.685203212313,15.8406073959079
2018-04-02 11:51:46,77.0352100820979,28.4728437685058,149.455538392067,3.93426527795382
2018-04-02 11:56:09,77.0276033679675,28.4890004761983,192.53281862475,40.1892841934226
2018-04-02 12:00:32,77.0296005912777,28.4627321632695,130.278281634673,8.37754955636337
2018-04-02 12:04:55,77.0281908727391,28.4904108683346,137.937364820391,44.1272828749847
2018-04-02 12:09:18,77.032748350529,28.4732263476239,180.026356130838,45.9194328112993
2018-04-02 12:13:41,77.033966414649,28.4874172482407,185.767986392602,39.7354247843381
2018-04-02 12:18:04,77.0216661916208,28.4806837743847,120.99452058319,7.42653948594816
2018-04-02 12:22:27,77.0231974552479,28.4804973586812,168.720399099402,38.0169852169696
2018-04-02 12:26:50,77.035538995075,28.4592418112326,136.731498828158,42.4111519618891
2018-04-02 12:31:13,77.0398137396574,28.4756806052523,134.141270280816,36.4712630673312
2018-04-02 12:35:36,77.0236159200361,28.4619308984955,193.70377836749,5.7265654746443
2018-04-02 12:40:00,77.0331132284831,28.4624873564695,110.652302694507,21.6820995598566
2018-04-02 12:44:23,77.0311330393422,28.4932897362043,161.865669465624,42.9614124671556
2018-04-02 12:48:46,77.0291551688826,28.4506420901162,101.150102331303,5.88224158203229
2018-04-02 12:53:09,77.0252789714467,28.4546074190643,127.156228316016,43.798287179973
2018-04-02 12:57:32,77.0225765151251,28.4823123635375,100.249094096944,30.8152002686169
2018-04-02 13:01:55,77.0210853378335,28.4529305265984,198.248893674463,12.8182674951851
2018-04-02 13:06:18,77.0322633902356,28.4827201369335,172.784598940052,20.8358727254439
2018-04-02 13:10:41,77.0364227649523,28.4852113411296,157.905180356465,25.9020308655687
2018-04-02 13:15:04,77.0288945800439,28.4797955732327,167.897135368548,31.1949960032012
2018-04-02 13:19:27,77.0304094460141,28.4990873830975,161.85263437219,13.8238545232452
2018-04-02 13:23:50,77.030217975257,28.486932241614,175.690947752446,21.2076579404064
2018-04-02 13:28:13,77.038205551682,28.4668419714086,153.73058791738,41.0731002845336
2018-04-02 13:32:36,77.0275597076211,28.4914047244936,177.751526515931,24.7789173086174
2018-04-02 13:36:59,77.0370391323511,28.4719778322964,182.45430951938,29.1438477721065
2018-04-02 13:41:22,77.0232329289662,28.4992702559917,198.499506642111,7.48710704669356
2018-04-02 13:45:45,77.0289334606612,28.4728722691769,155.068141245283,10.7419584468007
2018-04-02 13:50:09,77.0272437110124,28.4886809389689,108.921008650213,41.187572141178
2018-04-02 13:54:32,77.0237032909458,28.4656893873471,112.294990476221,32.7650987966452
2018-04-02 13:58:55,77.033966771327,28.4978345513111,109.34755706694,44.9848780585453
2018-04-02 14:03:18,77.0331275637727,28.4786599043175,178.379343310371,20.3359433701262
2018-04-02 14:07:41,77.0338099518465,28.467312063335,195.382408052683,31.0678853382822
2018-04-02 14:12:04,77.0318643627269,28.4690713628661,161.483459314331,5.9332826197613
2018-04-02 14:16:27,77.0212228055531,28.4905783626018,138.325789105147,27.8499356904533
2018-04-02 14:20:50,77.025577756674,28.480603612843,143.597681540996,18.645034869248
2018-04-02 14:25:13,77.0335923059052,28.4882180942222,150.083461101167,44.2533583718818
2018-04-02 14:29:36,77.0238192267157,28.4580036050756,153.335451637395,16.2237565549556
2018-04-02 14:33:59,77.0374656546023,28.4973524562782,118.256431957707,17.0008256418165
2018-04-02 14:38:22,77.0257429169957,28.4811694768374,138.36989023257,17.7613985285629
2018-04-02 14:42:45,77.0352987465728,28.4817881442606,135.026206169277,25.8068803189322
2018-04-02 14:47:08,77.0320137706678,28.4667641581269,154.749482241459,44.346986871725
2018-04-02 14:51:31,77.0374523443589,28.4991167623783,160.868791840039,20.4189969854429
2018-04-02 14:55:54,77.0278256155737,28.4567160314298,195.820447686128,21.8314892088529
2018-04-02 15:00:18,77.0282607222861,28.45007668935,148.797280504368,24.1008933754172
2018-04-02 15:04:41,77.0351279487182,28.4923320644652,126.049160398543,28.3290969113819
2018-04-02 15:09:04,77.0272027799068,28.4632553467876,120.518359192647,11.5453746907413
2018-04-02 15:13:27,77.0388852559868,28.472785654827,139.95957414154,29.775999813294
2018-04-02 15:17:50,77.028553098035,28.4552490536822,103.091281512752,12.0933135326952
2018-04-02 15:22:13,77.0222095211875,28.4904093482997,186.363470181823,32.5029400213156
2018-04-02 15:26:36,77.0398338198615,28.4985840001609,149.745209910907,5.85626296377741
2018-04-02 15:30:59,77.0257889810298,28.4677331192885,158.717608451843,36.2235431217123
2018-04-02 15:35:22,77.0379076830251,28.4937467875541,140.820153802633,13.6107776937075
2018-04-02 15:39:45,77.0224803995388,28.4892625390552,101.172090508044,30.6458245682996
2018-04-02 15:44:08,77.0360515411664,28.4815416496713,170.227781543508,3.51971272025257
2018-04-02 15:48:31,77.0302485059574,28.4862803204916,132.899555540644,15.2289834565949
2018-04-02 15:52:54,77.0362253239146,28.4538876719773,151.661962387152,13.6279288919177
2018-04-02 15:57:17,77.0266186988633,28.4783567929757,167.992441658862,16.781126744533
2018-04-02 16:01:40,77.0222925837943,28.4865899797878,108.926363661885,17.7378371396102
2018-04-02 16:06:03,77.027661083485,28.4862986394204,198.81197263021,27.8104294069111
2018-04-02 16:10:27,77.0212148448685,28.4590311350767,149.700950249098,46.6969631060492
2018-04-02 16:14:50,77.0227162199328,28.4940156652825,125.176949938759,17.6036886384711
2018-04-02 16:19:13,77.0285493017128,28.4950719734887,166.160554578528,46.7930954283103
2018-04-02 16:23:36,77.034751908402,28.4724681676715,159.288591425866,11.8825747715309
2018-04-02 16:27:59,77.023966374984,28.4654557391186,134.518487821333,14.6551406654529
2018-04-02 16:32:22,77.0299636106566,28.4765477333334,147.005693032406,3.93103779922239
2018-04-02 16:36:45,77.0320951795857,28.4833919874858,105.591728165746,34.1663119222503
2018-04-02 16:41:08,77.0303495782847,28.4711497854092,105.680954107083,40.5494218477048
2018-04-02 16:45:31,77.0206292436738,28.4619945371174,125.621482799761,25.9432126570027
2018-04-02 16:49:54,77.0360530140623,28.4599783328595,145.11772156693,10.6054982208647
2018-04-02 16:54:17,77.0347304630838,28.4524003036786,104.781056870706,24.9441419209354
2018-04-02 16:58:40,77.031997640538,28.4924337073579,122.827360476367,19.7901236128528
2018-04-02 17:03:03,77.0215189071093,28.4777613046346,184.189804643393,27.1065998463891
2018-04-02 17:07:26,77.0295728701632,28.4653921180521,130.3233895218,17.2477459817659
2018-04-02 17:11:49,77.0267402844969,28.4874041284202,168.465431476943,23.8173992650583
2018-04-02 17:16:12,77.0337787425099,28.471939052071,192.758494825102,21.4619069375098
2018-04-02 17:20:36,77.0377128494903,28.4806593249785,121.995354094543,39.0838867134415
2018-04-02 17:24:59,77.0386726880353,28.4883830877719,183.748685708269,27.905912101781
2018-04-02 17:29:22,77.0229426075937,28.4564572006348,199.656964908354,22.9525338293985
2018-04-02 17:33:45,77.0236275897967,28.4959286679514,191.21152148582,16.6386825013906
2018-04-02 17:38:08,77.0370459648222,28.4923582049087,174.562011519447,30.3812096341979
2018-04-02 17:42:31,77.0305788521189,28.4882314678282,197.961011249572,22.9713350056671
2018-04-02 17:46:54,77.0378358316189,28.4649522797787,130.525624239817,44.4871741929557
2018-04-02 17:51:17,77.0227609454421,28.4631013684673,130.735053750686,26.2507336065173
2018-04-02 17:55:40,77.0291957509099,28.4734281531186,179.82259017881,29.7405411313288
2018-04-02 18:00:03,77.0253547580447,28.4956905278843,161.618287675083,13.1113533473574
2018-04-02 18:04:26,77.0272070375737,28.4586758877616,162.87668433506,3.75089021259919
2018-04-02 18:08:49,77.0267067084508,28.4585817019339,115.105583891273,28.3580622163601
2018-04-02 18:13:12,77.0249252404738,28.4687008810579,137.322709546424,36.1037960181013
2018-04-02 18:17:35,77.0230385398353,28.4707647128846,181.959317321889,38.2614677344915
2018-04-02 18:21:58,77.0334699244611,28.4748065488064,103.369061881676,30.342278916575
2018-04-02 18:26:21,77.033772728676,28.4557686612126,134.477285784669,25.6144269077107
2018-04-02 18:30:45,77.0343805851042,28.4985979869613,100.989340641536,27.0541690330952
2018-04-02 18:35:08,77.0300986608444,28.4623942191363,133.922857907601,33.2209435978439
2018-04-02 18:39:31,77.0289118550112,28.4956786990631,116.84862752445,15.4032335431781
2018-04-02 18:43:54,77.0228230854543,28.4897480015527,172.306168358773,24.2806515154429
2018-04-02 18:48:17,77.0220803130884,28.4577675318927,104.762047016993,21.1429822681472
2018-04-02 18:52:40,77.0209446786204,28.4941666402039,176.334498124197,17.0550946682226
2018-04-02 18:57:03,77.0369466967741,28.4567382799229,197.028407407925,5.59284757380374
2018-04-02 19:01:26,77.0243214491848,28.4960795052,194.383707805537,27.396371301217
2018-04-02 19:05:49,77.0217190258997,28.4936726686079,144.152875780128,20.0557953713927
2018-04-02 19:10:12,77.0226364862779,28.4882522498257,148.646768857725,40.1269461989403
2018-04-02 19:14:35,77.0202969900239,28.4653448330006,167.990344017744,49.1925359049346
2018-04-02 19:18:58,77.0363114012498,28.4549560349667,137.381327501498,21.7711144943722
2018-04-02 19:23:21,77.0371974634845,28.4906881697476,167.024017591029,17.5920098734554
2018-04-02 19:27:44,77.0283544596518,28.4643578239367,176.55119812116,8.74140663505532
2018-04-02 19:32:07,77.0354818259925,28.4964764963719,163.930621719919,43.1828855305444
2018-04-02 19:36:30,77.039401668217,28.4997419879073,122.606001398526,32.7554044906516
2018-04-02 19:40:54,77.0396919936268,28.4693074164097,165.433244779706,10.5060505247675
2018-04-02 19:45:17,77.0288968948741,28.4859131696983,130.425251531415,15.0455018234439
2018-04-02 19:49:40,77.0250829577399,28.470484915108,165.779004432261,27.9107651137281
2018-04-02 19:54:03,77.024443164398,28.4679268573062,190.65721030347,32.2095441113226
2018-04-02 19:58:26,77.0212942811428,28.4803751763771,130.815765215084,18.7724917221814
2018-04-02 20:02:49,77.0208006102312,28.4938232688583,112.817592825741,36.1210624748841
2018-04-02 20:07:12,77.0337214210769,28.4600021323306,172.057583951391,47.3630337607116
2018-04-02 20:11:35,77.0258865437936,28.4903781888075,131.593667739071,42.981226189388
2018-04-02 20:15:58,77.0233637461904,28.4762336445507,113.585430057719,45.05505316942
2018-04-02 20:20:21,77.029961179127,28.4828719186015,149.993284721859,22.6842666535173
2018-04-02 20:24:44,77.0218414421333,28.4690772225149,110.951090813614,24.8066080315039
2018-04-02 20:29:07,77.0293212001258,28.4676757180598,124.040162051097,15.542263396224
2018-04-02 20:33:30,77.0373694600538,28.4968592040241,161.692712293006,38.1793911967892
2018-04-02 20:37:53,77.0268839252833,28.4605004387558,129.459763434716,19.6730800459161
2018-04-02 20:42:16,77.0326862555975,28.4707889176556,187.449631234631,46.6457268676255
2018-04-02 20:46:40,77.0200473488495,28.4973243653076,127.776817558333,20.5669352313969
2018-04-02 20:51:03,77.0333142036339,28.4769450148218,196.839478216134,23.5625216134358
2018-04-02 20:55:26,77.0298567535495,28.4675114050158,182.22019081004,9.97093055616133
2018-04-02 20:59:49,77.0207848920673,28.4547197962413,151.10658609774,26.6626211555675
2018-04-02 21:04:12,77.0359130416671,28.4873282034998,131.156574259512,11.3567967364565
2018-04-02 21:08:35,77.0398679755395,28.4851652836544,151.154003269039,20.6267566765193
2018-04-02 21:12:58,77.0262902342016,28.4566444138996,163.514497387223,12.2112641736399
2018-04-02 21:17:21,77.0227513455926,28.4710571639822,188.877666392364,25.7083199500106
2018-04-02 21:21:44,77.0201970404433,28.4526777107734,135.177934216335,29.5339646552689
2018-04-02 21:26:07,77.0267205401557,28.4681226610439,104.182167258114,6.75659967814572
2018-04-02 21:30:30,77.0222939460678,28.4925121051958,196.354689402506,20.3534774615895
2018-04-02 21:34:53,77.0391150773317,28.4500724432874,184.966302500106,35.9226865871344
2018-04-02 21:39:16,77.0259769810038,28.4882589056622,171.921730786562,39.1143744449597
2018-04-02 21:43:39,77.0226572596002,28.4991308121826,119.436693540774,46.3727522855625
2018-04-02 21:48:02,77.0205230862601,28.4960629412788,172.189486259595,40.4453776206356
2018-04-02 21:52:25,77.0317301139049,28.4897236431367,145.410609035753,41.1123177977745
2018-04-02 21:56:49,77.0259877875727,28.4603039719048,178.980410774238,10.1134619783144
2018-04-02 22:01:12,77.0270801011566,28.4759309973218,146.443900279701,18.596062268829
2018-04-02 22:05:35,77.0316340164328,28.4956576952362,196.46790784318,20.9684066843241
2018-04-02 22:09:58,77.0242981588701,28.4825253335061,110.697192116641,22.556343742786
2018-04-02 22:14:21,77.0385420262255,28.4605590512045,174.719711672515,3.99173536356539
2018-04-02 22:18:44,77.0210420685774,28.4574574341881,111.931271175854,4.43970139557496
2018-04-02 22:23:07,77.0247319095116,28.4840365043608,164.606861653738,18.5018114182632
2018-04-02 22:27:30,77.0324546802975,28.4730101920548,159.41844061017,47.9974715303164
2018-04-02 22:31:53,77.0344360839855,28.4839781636721,176.782431779429,35.6007017880213
2018-04-02 22:36:16,77.0273584920401,28.4973895920673,112.155854678713,31.9466119003017
2018-04-02 22:40:39,77.0242437123507,28.452361895435,132.468956219964,19.863570524333
2018-04-02 22:45:02,77.0301520436816,28.4796810197295,163.102040556259,36.2177967717405
2018-04-02 22:49:25,77.0278318376467,28.459511906479,171.48720480036,9.77564682709053
2018-04-02 22:53:48,77.0331636116747,28.4958813882084,143.959833146073,31.48700795318
2018-04-02 22:58:11,77.0213668384356,28.4847959372215,175.794452847913,18.9468916893937
2018-04-02 23:02:34,77.0386584939156,28.4961523827282,168.31945234444,17.1001029184088
2018-04-02 23:06:58,77.0392201441294,28.4623308087466,198.764443397522,26.4638036982622
2018-04-02 23:11:21,77.0368042597268,28.4886134388158,156.130324071273,35.6350769873243
2018-04-02 23:15:44,77.0317405078933,28.4905873076175,117.912649852224,48.6146635447629
2018-04-02 23:20:07,77.0298747761222,28.4799029080663,141.285401117057,42.8495613949373
2018-04-02 23:24:30,77.0397252742387,28.4526379850809,113.839370664209,13.4891090496909
2018-04-02 23:28:53,77.0252171133691,28.4630171485594,106.541697657667,20.3845999778248
2018-04-02 23:33:16,77.0344994411571,28.4929867624305,113.021132186987,49.9764017105103
2018-04-02 23:37:39,77.0376386552909,28.4906976623111,140.508922934532,35.8385221256874
2018-04-02 23:42:02,77.0305227837944,28.4644720193231,123.441900359467,44.2105841069017
2018-04-02 23:46:25,77.0289143052278,28.4788618859253,175.679668784142,10.6862786936574
2018-04-02 23:50:48,77.0275099686161,28.4807322889217,108.931863633916,25.3314878677949
2018-04-02 23:55:11,77.0340776269091,28.4794010838494,185.486248345114,4.02334149274975
2018-04-02 23:59:34,77.0266124234535,28.466798330762,159.140450670384,21.1152901890222
2018-04-03 00:03:57,77.0360222414509,28.4737714107963,113.260168093257,23.2526069897693
2018-04-03 00:08:20,77.0361397003289,28.4779693412129,103.484310396016,5.78626599754207
2018-04-03 00:12:43,77.0352366924472,28.4503387319855,171.613052557223,4.80309025733732
2018-04-03 00:17:07,77.0328620188218,28.4515483829076,105.732252867892,24.3483342614025
2018-04-03 00:21:30,77.0261312351748,28.4517755621928,136.425634287298,47.8189763412811
2018-04-03 00:25:53,77.0324047963507,28.4784739563242,128.870563558303,9.01764013888314
2018-04-03 00:30:16,77.0385084919352,28.4720966237481,139.911718340591,36.621457974799
2018-04-03 00:34:39,77.0397199234692,28.4840588217252,154.443834396079,16.3081226510927
2018-04-03 00:39:02,77.0301252736291,28.4576254806365,188.886548462324,22.7580864112359
2018-04-03 00:43:25,77.0340114861587,28.4803803747287,118.984343251213,41.8602334531024
2018-04-03 00:47:48,77.0234412495187,28.4811654118355,135.476686200127,11.6289893331006
2018-04-03 00:52:11,77.0241460121097,28.4677801762125,153.646904672496,16.1117112693843
2018-04-03 00:56:34,77.0341232163925,28.4682181172771,134.50437206775,11.9136954107322
2018-04-03 01:00:57,77.0243088168278,28.4664021725417,126.367174228653,31.088039465528
2018-04-03 01:05:20,77.0211470720544,28.4774252405157,123.772159800865,42.6576542982832
2018-04-03 01:09:43,77.0365583775472,28.4888796280953,160.924597992562,3.53279547421262
2018-04-03 01:14:06,77.0380826170556,28.478912402608,170.321558695287,26.2223997227848
2018-04-03 01:18:29,77.0375439381553,28.4707058139378,149.573427229188,29.5297109813895
2018-04-03 01:22:52,77.0313742125686,28.4678678783239,108.210682938807,40.5619460592512
2018-04-03 01:27:16,77.0280351311294,28.4572795155575,134.504578844644,31.3277122513857
2018-04-03 01:31:39,77.0304583106982,28.4521757430281,172.029817872681,31.4483303964604
2018-04-03 01:36:02,77.0286664121412,28.463024472713,192.00704228133,39.8168887904845
2018-04-03 01:40:25,77.0279673758848,28.4943107583327,123.858693591319,43.258725259034
2018-04-03 01:44:48,77.027157475003,28.458804659266,107.771367556415,25.5251542227808
2018-04-03 01:49:11,77.0397993776342,28.4559581591631,114.412373770028,20.458501391951
2018-04-03 01:53:34,77.0345547683491,28.4721520309919,162.863390846178,44.7695999888238
2018-04-03 01:57:57,77.0326474482845,28.4910121255205,187.66729994677,11.3099725914188
2018-04-03 02:02:20,77.0398053074721,28.4850328976754,100.527169276029,3.67270290036686
2018-04-03 02:06:43,77.0284532011952,28.4971205689246,106.947257579304,45.3286754150409
2018-04-03 02:11:06,77.0326076050103,28.4682883866015,139.278135821223,21.0369825947098
2018-04-03 02:15:29,77.027118930337,28.4747979258187,157.625780580565,10.4605609618127
2018-04-03 02:19:52,77.0264949960727,28.4995649397839,180.87017503567,49.491710399976
2018-04-03 02:24:15,77.0345016107289,28.4726870414568,126.545897149481,13.9559200590476
2018-04-03 02:28:38,77.0319494058099,28.4867765561794,101.121272379532,18.4689273543656
2018-04-03 02:33:01,77.0369999777665,28.466067388386,193.282469199039,48.3593849456403
2018-04-03 02:37:25,77.0205372639885,28.481678520143,133.240669430234,14.1402236269787
2018-04-03 02:41:48,77.0371963070147,28.4538487330545,141.294782375917,21.8969398466405
2018-04-03 02:46:11,77.0276645375462,28.4911739543313,179.680426442064,48.4123783483636
2018-04-03 02:50:34,77.0207769799791,28.4977362038335,120.318977232091,46.9578977730591
2018-04-03 02:54:57,77.0383699325193,28.460169038258,140.077413385734,21.9537809413858
2018-04-03 02:59:20,77.0379202150134,28.4784062985331,121.76160318777,29.9988216395956
2018-04-03 03:03:43,77.0362805526191,28.460784699861,167.893829313107,16.3542354110628
2018-04-03 03:08:06,77.0321917071519,28.4739413087256,118.443013238721,12.1692595360335
2018-04-03 03:12:29,77.0236052160896,28.4573215509416,104.096095426939,23.3153776568826
2018-04-03 03:16:52,77.0291651738808,28.4597628497635,129.624976939522,22.3746578128077
2018-04-03 03:21:15,77.0250502403127,28.4587335467339,190.350757329725,19.4610575344879
2018-04-03 03:25:38,77.0391326279426,28.4917489892105,182.433292968199,42.6202421229333
2018-04-03 03:30:01,77.0334247164894,28.4647989253863,172.206558194011,16.0686714746058
2018-04-03 03:34:24,77.0379117940832,28.4864100320381,107.694472186267,7.90164297148585
2018-04-03 03:38:47,77.0269453975512,28.4717251314316,128.061088197865,7.18268568804488
2018-04-03 03:43:10,77.0230945270555,28.4715122350259,118.211506679654,28.5031446254812
2018-04-03 03:47:34,77.0330518132122,28.488208372693,139.697002246976,43.6247224061284
2018-04-03 03:51:57,77.0347157084337,28.4886794110993,134.877774724737,17.0442588759586
2018-04-03 03:56:20,77.0287838242622,28.4918306560721,106.889581703581,46.2517944732681
2018-04-03 04:00:43,77.0379353199015,28.466133013845,144.811878609471,37.3244090291206
2018-04-03 04:05:06,77.0357039174624,28.4808781294501,152.408627630211,38.841784611484
2018-04-03 04:09:29,77.0398734770482,28.4989859050373,149.091175803915,8.60650963131338
2018-04-03 04:13:52,77.0225984666264,28.4759629023611,183.686630078591,34.1309740865603
2018-04-03 04:18:15,77.037700671046,28.4673860559007,135.503863869235,43.5876704802737
2018-04-03 04:22:38,77.0374357883865,28.4685539236059,116.128325066529,28.5151252132375
2018-04-03 04:27:01,77.0324471382424,28.4565331916092,131.547149340622,45.8624787581619
2018-04-03 04:31:24,77.0256280676322,28.4803548092954,125.753250531852,37.037499736622
2018-04-03 04:35:47,77.0263321121735,28.4620465666987,166.069002519362,37.2491104831919
2018-04-03 04:40:10,77.0257538793655,28.493994433817,191.414680914022,47.3404524222482
2018-04-03 04:44:33,77.0214578271564,28.4937723363866,146.488354168832,13.1776955654845
2018-04-03 04:48:56,77.0260124784149,28.4958936203388,139.66842351947,21.4509454273619
2018-04-03 04:53:20,77.027429238921,28.4812051477842,189.098533522338,44.8308357520029
2018-04-03 04:57:43,77.0245704585733,28.4786704091122,101.570358197205,34.3467929373961
2018-04-03 05:02:06,77.0309212361881,28.484480542189,154.418490431271,49.2847862386145
2018-04-03 05:06:29,77.0380356511427,28.4862013502512,185.354356537573,30.8454148862511
2018-04-03 05:10:52,77.0393724397896,28.4961851611151,154.524404625408,37.6158013517037
2018-04-03 05:15:15,77.0252173291892,28.4865995581495,126.122569153085,6.07599706901237
2018-04-03 05:19:38,77.0349714178359,28.4805942064384,118.477940699086,6.10729463766329
2018-04-03 05:24:01,77.0308247752255,28.490790223598,127.509912336245,40.2896557591855
2018-04-03 05:28:24,77.0239481199114,28.4889744382119,155.576123599894,17.9690106825903
2018-04-03 05:32:47,77.0361443953868,28.4861451007542,157.46365301311,44.4429113531485
2018-04-03 05:37:10,77.0342408355605,28.4713045169017,135.835080989636,22.75442312425
2018-04-03 05:41:33,77.0321136651095,28.4553183223121,108.731742668897,13.6872145034838
2018-04-03 05:45:56,77.0241568882158,28.4792933780001,192.340589524247,23.014541964978
2018-04-03 05:50:19,77.0373348425096,28.4718059882638,151.924416446127,22.2141937495209
2018-04-03 05:54:42,77.0212370302854,28.4546382873319,184.574144356884,17.7872938195243
2018-04-03 05:59:05,77.0287925440166,28.4932886173367,178.879113076255,31.3427220358048
2018-04-03 06:03:29,77.0298335731309,28.4737464946695,184.68294411432,10.8301503072958
2018-04-03 06:07:52,77.0249622006016,28.4593181961915,174.205416161567,10.6385069285054
2018-04-03 06:12:15,77.0339052418759,28.470851897588,196.473236568272,29.9688204613514
2018-04-03 06:16:38,77.0203917451389,28.4545172189712,168.455759971403,21.9349663763307
2018-04-03 06:21:01,77.0210889829928,28.4815023433766,113.33424388431,33.9360927371774
2018-04-03 06:25:24,77.0272561138589,28.4608498216025,101.341261225753,5.79989701905288
2018-04-03 06:29:47,77.0383024078514,28.4727909600711,186.051476630382,10.04651448722
2018-04-03 06:34:10,77.0392053370923,28.4515673744609,112.252269452438,42.2562463824172
2018-04-03 06:38:33,77.0391443534847,28.452438125445,137.738933577202,37.823988648504
2018-04-03 06:42:56,77.028317357772,28.466061063821,108.34079941269,9.95398137238808
2018-04-03 06:47:19,77.0222003526846,28.4821902814787,129.043966345489,20.5508135375567
2018-04-03 06:51:42,77.0217931090668,28.4544355261954,187.819978501648,45.3471370976884
2018-04-03 06:56:05,77.0241040210007,28.4801714579924,182.430813275278,43.0126808538567
2018-04-03 07:00:28,77.0349512236053,28.4805946095032,133.622493385337,21.5943152653053
2018-04-03 07:04:51,77.0326525525516,28.4979083466926,160.301392991096,41.2170482381247
2018-04-03 07:09:14,77.0292576568062,28.4684028213727,155.602184147574,18.7771501301788
2018-04-03 07:13:38,77.0303533110442,28.4549848465598,107.92846842669,33.1703610229772
2018-04-03 07:18:01,77.0363113998575,28.490008831257,109.766961191781,8.00223266379908
2018-04-03 07:22:24,77.0212653714558,28.4697324914858,135.805452312343,44.0789838694036
2018-04-03 07:26:47,77.0293666760949,28.4935972509789,120.252117351629,40.6844438640866
2018-04-03 07:31:10,77.0312336288718,28.4611993396422,165.737708611414,9.39497575447895
2018-04-03 07:35:33,77.0236269194167,28.4734144746093,193.251749244519,40.9820289561059
2018-04-03 07:39:56,77.0379908150761,28.4614438076853,198.733597132377,31.8359830051195
2018-04-03 07:44:19,77.033471759432,28.4691436373978,180.009248759598,23.540311916871
2018-04-03 07:48:42,77.0240012481762,28.4859579702956,190.833027288318,10.1984228230081
2018-04-03 07:53:05,77.0262156261737,28.4703871441074,157.156850770116,47.2511145944707
2018-04-03 07:57:28,77.036103076539,28.4509104151977,116.763053601608,39.4155511820223
2018-04-03 08:01:51,77.0288162021339,28.4656351399492,192.974082636647,22.8075259482954
2018-04-03 08:06:14,77.0265520627191,28.4798669288517,141.585701424628,30.9800294451881
2018-04-03 08:10:37,77.0355217755027,28.4698796458659,180.638899910264,27.0937487271149
2018-04-03 08:15:00,77.0391624689894,28.4959720333107,198.626601602882,21.2560477054678
2018-04-03 08:19:23,77.028300734302,28.4912514140713,147.848024312407,46.3102387829684
2018-04-03 08:23:47,77.0322903237585,28.467657812126,189.601285522804,35.1641171901487
2018-04-03 08:28:10,77.0394592778664,28.4826250136713,152.014320483431,12.3471665407065
2018-04-03 08:32:33,77.020093802074,28.4928892794764,103.908313321881,44.0841326389927
2018-04-03 08:36:56,77.0335258206818,28.4599364191294,120.254853903316,24.2604958800599
2018-04-03 08:41:19,77.0355608830554,28.4719750103308,132.998894597404,27.7403693376109
2018-04-03 08:45:42,77.0326406445308,28.4964209808968,153.694354277104,29.8902307694312
2018-04-03 08:50:05,77.0392220640276,28.4534811894409,115.343001810834,10.8524944667704
2018-04-03 08:54:28,77.0396870969189,28.474799703504,168.918760749511,34.77612962313
2018-04-03 08:58:51,77.0372522197058,28.488376645348,100.578988599591,17.3489781405311
2018-04-03 09:03:14,77.0241672992194,28.4765879952,188.541446556337,22.5159588553943
2018-04-03 09:07:37,77.0316417836538,28.4847793519264,111.715103965253,45.2801858308259
2018-04-03 09:12:00,77.0323119953321,28.4512121676584,162.531720800325,16.1826207888313
2018-04-03 09:16:23,77.0230471084639,28.4607335227891,126.719209877774,26.9630448764656
2018-04-03 09:20:46,77.0382530385628,28.4538164569181,111.388742830604,45.7180499257986
2018-04-03 09:25:09,77.0345701715304,28.4732145586167,125.406805076636,18.9434057550039
2018-04-03 09:29:32,77.0372689500265,28.4902070056996,104.626260045916,40.8866827313788
2018-04-03 09:33:56,77.032128708004,28.4869296446908,119.013448804617,8.88416533023119
2018-04-03 09:38:19,77.0375994127803,28.4573700150475,164.36332417652,34.6256730809808
2018-04-03 09:42:42,77.0216232893336,28.4709138662089,106.279200268909,35.336105428962
2018-04-03 09:47:05,77.0258259670856,28.4948663011775,127.967643528245,40.0762366367504
2018-04-03 09:51:28,77.0320745644439,28.4879695572425,187.793444120325,42.04050670336
2018-04-03 09:55:51,77.0223603243707,28.4567723042914,194.948986941017,6.05068773818202
2018-04-03 10:00:14,77.0279518048186,28.4984356581117,114.544212934561,18.1101230995264
2018-04-03 10:04:37,77.0372412823653,28.4517098804004,117.078200890683,34.9227712508291
2018-04-03 10:09:00,77.0305498826457,28.4851667940151,165.165412449278,43.3182077530306
2018-04-03 10:13:23,77.0291409746883,28.4830889951903,115.40489194449,39.2553463121876
2018-04-03 10:17:46,77.0356761108292,28.4813832057873,145.988136273809,40.222627848573
2018-04-03 10:22:09,77.0343002876313,28.4761185024749,123.112068534829,15.7436405638233
2018-04-03 10:26:32,77.0347984214407,28.4943592326483,105.157017358579,14.5695994591806
2018-04-03 10:30:55,77.0202311435528,28.4750473425142,194.982400676236,7.7070064177271
2018-04-03 10:35:18,77.0329690840049,28.4589818227338,159.959169942886,13.4830212856643
2018-04-03 10:39:41,77.0346386301005,28.4668924515252,154.596211458556,30.6525456957053
2018-04-03 10:44:05,77.036893490497,28.4828893627273,142.121478496119,42.9039486202411
2018-04-03 10:48:28,77.0349887306197,28.4940315480111,195.724276243709,37.5206345410552
2018-04-03 10:52:51,77.0340896484721,28.4738184433198,199.049651506357,6.89769333559088
2018-04-03 10:57:14,77.0211603264045,28.4553864198504,118.221008079126,32.9612290138379
2018-04-03 11:01:37,77.0295465167891,28.4682730211644,175.213512033224,14.1551460479386
2018-04-03 11:06:00,77.0286574009806,28.4661511964397,118.947385740466,19.2108878315426
2018-04-03 11:10:23,77.0398736924492,28.4887394032208,181.02577815298,38.7259943282697
2018-04-03 11:14:46,77.0351573910518,28.4800150998635,135.904718772508,17.4887358271051
2018-04-03 11:19:09,77.0362202589121,28.4953157191281,135.979714524001,14.4063438990153
2018-04-03 11:23:32,77.0291561497003,28.4606649324414,127.179317479022,15.6464419994038
2018-04-03 11:27:55,77.0315162520018,28.4989134439151,114.748204243369,47.1561225866899
2018-04-03 11:32:18,77.0247390707582,28.476697586244,118.675809330307,7.88911588471383
2018-04-03 11:36:41,77.0329698332632,28.4725274072611,163.852728507482,12.157336290041
2018-04-03 11:41:04,77.0315524581075,28.4712830175296,127.96716936864,46.748808317259
2018-04-03 11:45:27,77.0260354674654,28.4649548127316,128.735901624896,27.200207980955
2018-04-03 11:49:50,77.0333048447548,28.487054693047,191.506467107683,47.6183102658018
2018-04-03 11:54:14,77.0253006113041,28.4732924030046,179.754251404665,8.34085795595311
2018-04-03 11:58:37,77.0388556714729,28.4731751046958,195.478464965709,32.8589956472628
2018-04-03 12:03:00,77.037965687979,28.4786611031159,196.280526020564,7.70007749288343
2018-04-03 12:07:23,77.0248115238454,28.4915561746224,163.283479283564,13.3409593390301
2018-04-03 12:11:46,77.0211122222943,28.4630582568003,105.868663289584,19.4541337199509
2018-04-03 12:16:09,77.020619861898,28.4962914078613,143.436400941573,37.610613142699
2018-04-03 12:20:32,77.0356112933718,28.452201801585,170.078908186406,38.3492232333869
2018-04-03 12:24:55,77.0235987898009,28.456913049682,138.05833645165,32.2167210867628
2018-04-03 12:29:18,77.0290160851041,28.4833316068514,108.445136598311,48.1052068960853
2018-04-03 12:33:41,77.0372566198045,28.4605251785368,134.344299440272,39.1574158129748
2018-04-03 12:38:04,77.0293714773515,28.4517910922179,185.606081155129,6.12923339032568
2018-04-03 12:42:27,77.0268188404478,28.4959858563845,186.700274562463,37.9110185164027
2018-04-03 12:46:50,77.0200384508492,28.4766688193777,121.290476433933,24.5341108236928
2018-04-03 12:51:13,77.0333787370706,28.4654814593028,131.852696696296,17.9869496383704
2018-04-03 12:55:36,77.0239168696944,28.4775862762122,100.494977133349,18.2816212371457
2018-04-03 13:00:00,77.039318366209,28.4536771689309,151.923136995174,49.3133328456432
